Hanzala Estate,House,PKR2.05 Crore,"Canal Road, Faisalabad, Punjab",5.2 Marla,For Sale
Hanzala Estate,House,PKR2.05 Crore,"Canal Road, Faisalabad, Punjab",5.2 Marla,For Sale
Hanzala Estate,House,PKR2.05 Crore,"Canal Road, Faisalabad, Punjab",5.2 Marla,For Sale
Hanzala Estate,House,PKR2.05 Crore,"Canal Road, Faisalabad, Punjab",5.2 Marla,For Sale
Hanzala Estate,House,PKR2.05 Crore,"Canal Road, Faisalabad, Punjab",5.2 Marla,For Sale
Hanzala Estate,House,PKR2.05 Crore,"Canal Road, Faisalabad, Punjab",5.2 Marla,For Sale
Hanzala Estate,House,PKR2.05 Crore,"Canal Road, Faisalabad, Punjab",5.2 Marla,For Sale
Hanzala Estate,House,PKR2.05 Crore,"Canal Road, Faisalabad, Punjab",5.2 Marla,For Sale
Hanzala Estate,House,PKR2.05 Crore,"Canal Road, Faisalabad, Punjab",5.2 Marla,For Sale
Hanzala Estate,House,PKR2.05 Crore,"Canal Road, Faisalabad, Punjab",5.2 Marla,For Sale
Hanzala Estate,House,PKR2.05 Crore,"Canal Road, Faisalabad, Punjab",5.2 Marla,For Sale
Hanzala Estate,House,PKR2.05 Crore,"Canal Road, Faisalabad, Punjab",5.2 Marla,For Sale
Hanzala Estate,House,PKR2.05 Crore,"Canal Road, Faisalabad, Punjab",5.2 Marla,For Sale
Hanzala Estate,House,PKR2.05 Crore,"Canal Road, Faisalabad, Punjab",5.2 Marla,For Sale
Hanzala Estate,House,PKR2.05 Crore,"Canal Road, Faisalabad, Punjab",5.2 Marla,For Sale
Hanzala Estate,House,PKR2.05 Crore,"Canal Road, Faisalabad, Punjab",5.2 Marla,For Sale
Hanzala Estate,House,PKR2.05 Crore,"Canal Road, Faisalabad, Punjab",5.2 Marla,For Sale
Hanzala Estate,House,PKR2.05 Crore,"Canal Road, Faisalabad, Punjab",5.2 Marla,For Sale
Hanzala Estate,House,PKR2.05 Crore,"Canal Road, Faisalabad, Punjab",5.2 Marla,For Sale
Hanzala Estate,House,PKR2.05 Crore,"Canal Road, Faisalabad, Punjab",5.2 Marla,For Sale
Hanzala Estate,House,PKR2.05 Crore,"Canal Road, Faisalabad, Punjab",5.2 Marla,For Sale
Hanzala Estate,House,PKR2.05 Crore,"Canal Road, Faisalabad, Punjab",5.2 Marla,For Sale
Hanzala Estate,House,PKR2.05 Crore,"Canal Road, Faisalabad, Punjab",5.2 Marla,For Sale
Hanzala Estate,House,PKR2.05 Crore,"Canal Road, Faisalabad, Punjab",5.2 Marla,For Sale
Hanzala Estate,House,PKR2.05 Crore,"Canal Road, Faisalabad, Punjab",5.2 Marla,For Sale
Hanzala Estate,House,PKR2.05 Crore,"Canal Road, Faisalabad, Punjab",5.2 Marla,For Sale
Hanzala Estate,House,PKR2.05 Crore,"Canal Road, Faisalabad, Punjab",5.2 Marla,For Sale
Hanzala Estate,House,PKR2.05 Crore,"Canal Road, Faisalabad, Punjab",5.2 Marla,For Sale
Hanzala Estate,House,PKR2.05 Crore,"Canal Road, Faisalabad, Punjab",5.2 Marla,For Sale
Hanzala Estate,House,PKR2.05 Crore,"Canal Road, Faisalabad, Punjab",5.2 Marla,For Sale
Hanzala Estate,House,PKR2.05 Crore,"Canal Road, Faisalabad, Punjab",5.2 Marla,For Sale
Hanzala Estate,House,PKR2.05 Crore,"Canal Road, Faisalabad, Punjab",5.2 Marla,For Sale
Hanzala Estate,House,PKR2.05 Crore,"Canal Road, Faisalabad, Punjab",5.2 Marla,For Sale
Hanzala Estate,House,PKR2.05 Crore,"Canal Road, Faisalabad, Punjab",5.2 Marla,For Sale
Hanzala Estate,House,PKR2.05 Crore,"Canal Road, Faisalabad, Punjab",5.2 Marla,For Sale
Hanzala Estate,House,PKR2.05 Crore,"Canal Road, Faisalabad, Punjab",5.2 Marla,For Sale
Hanzala Estate,House,PKR2.05 Crore,"Canal Road, Faisalabad, Punjab",5.2 Marla,For Sale
Hanzala Estate,House,PKR2.05 Crore,"Canal Road, Faisalabad, Punjab",5.2 Marla,For Sale
Hanzala Estate,House,PKR2.05 Crore,"Canal Road, Faisalabad, Punjab",5.2 Marla,For Sale
Hanzala Estate,House,PKR2.05 Crore,"Canal Road, Faisalabad, Punjab",5.2 Marla,For Sale
Hanzala Estate,House,PKR2.05 Crore,"Canal Road, Faisalabad, Punjab",5.2 Marla,For Sale
Hanzala Estate,House,PKR2.05 Crore,"Canal Road, Faisalabad, Punjab",5.2 Marla,For Sale
Hanzala Estate,House,PKR2.05 Crore,"Canal Road, Faisalabad, Punjab",5.2 Marla,For Sale
Hanzala Estate,House,PKR2.05 Crore,"Canal Road, Faisalabad, Punjab",5.2 Marla,For Sale
Hanzala Estate,House,PKR2.05 Crore,"Canal Road, Faisalabad, Punjab",5.2 Marla,For Sale
Hanzala Estate,House,PKR2.05 Crore,"Canal Road, Faisalabad, Punjab",5.2 Marla,For Sale
Hanzala Estate,House,PKR2.05 Crore,"Canal Road, Faisalabad, Punjab",5.2 Marla,For Sale
Hanzala Estate,House,PKR2.05 Crore,"Canal Road, Faisalabad, Punjab",5.2 Marla,For Sale
Hanzala Estate,House,PKR2.05 Crore,"Canal Road, Faisalabad, Punjab",5.2 Marla,For Sale
Hanzala Estate,House,PKR2.05 Crore,"Canal Road, Faisalabad, Punjab",5.2 Marla,For Sale
Hanzala Estate,House,PKR2.05 Crore,"Canal Road, Faisalabad, Punjab",5.2 Marla,For Sale
Hanzala Estate,House,PKR2.05 Crore,"Canal Road, Faisalabad, Punjab",5.2 Marla,For Sale
Hanzala Estate,House,PKR2.05 Crore,"Canal Road, Faisalabad, Punjab",5.2 Marla,For Sale
Hanzala Estate,House,PKR2.05 Crore,"Canal Road, Faisalabad, Punjab",5.2 Marla,For Sale
Hanzala Estate,House,PKR2.05 Crore,"Canal Road, Faisalabad, Punjab",5.2 Marla,For Sale
Hanzala Estate,House,PKR2.05 Crore,"Canal Road, Faisalabad, Punjab",5.2 Marla,For Sale
Hanzala Estate,House,PKR2.05 Crore,"Canal Road, Faisalabad, Punjab",5.2 Marla,For Sale
Hanzala Estate,House,PKR2.05 Crore,"Canal Road, Faisalabad, Punjab",5.2 Marla,For Sale
Hanzala Estate,House,PKR2.05 Crore,"Canal Road, Faisalabad, Punjab",5.2 Marla,For Sale
Hanzala Estate,House,PKR2.05 Crore,"Canal Road, Faisalabad, Punjab",5.2 Marla,For Sale
Hanzala Estate,House,PKR2.05 Crore,"Canal Road, Faisalabad, Punjab",5.2 Marla,For Sale
Hanzala Estate,House,PKR2.05 Crore,"Canal Road, Faisalabad, Punjab",5.2 Marla,For Sale
Hanzala Estate,House,PKR2.05 Crore,"Canal Road, Faisalabad, Punjab",5.2 Marla,For Sale
Hanzala Estate,House,PKR2.05 Crore,"Canal Road, Faisalabad, Punjab",5.2 Marla,For Sale
Hanzala Estate,House,PKR2.05 Crore,"Canal Road, Faisalabad, Punjab",5.2 Marla,For Sale
Hanzala Estate,House,PKR2.05 Crore,"Canal Road, Faisalabad, Punjab",5.2 Marla,For Sale
Hanzala Estate,House,PKR2.05 Crore,"Canal Road, Faisalabad, Punjab",5.2 Marla,For Sale
Hanzala Estate,House,PKR2.05 Crore,"Canal Road, Faisalabad, Punjab",5.2 Marla,For Sale
Hanzala Estate,House,PKR2.05 Crore,"Canal Road, Faisalabad, Punjab",5.2 Marla,For Sale
Hanzala Estate,House,PKR2.05 Crore,"Canal Road, Faisalabad, Punjab",5.2 Marla,For Sale
Hanzala Estate,House,PKR2.05 Crore,"Canal Road, Faisalabad, Punjab",5.2 Marla,For Sale
Hanzala Estate,House,PKR2.05 Crore,"Canal Road, Faisalabad, Punjab",5.2 Marla,For Sale
Hanzala Estate,House,PKR2.05 Crore,"Canal Road, Faisalabad, Punjab",5.2 Marla,For Sale
Hanzala Estate,House,PKR2.05 Crore,"Canal Road, Faisalabad, Punjab",5.2 Marla,For Sale
Hanzala Estate,House,PKR2.05 Crore,"Canal Road, Faisalabad, Punjab",5.2 Marla,For Sale
Hanzala Estate,House,PKR2.05 Crore,"Canal Road, Faisalabad, Punjab",5.2 Marla,For Sale
Hanzala Estate,House,PKR2.05 Crore,"Canal Road, Faisalabad, Punjab",5.2 Marla,For Sale
Hanzala Estate,House,PKR2.05 Crore,"Canal Road, Faisalabad, Punjab",5.2 Marla,For Sale
Hanzala Estate,House,PKR2.05 Crore,"Canal Road, Faisalabad, Punjab",5.2 Marla,For Sale
Hanzala Estate,House,PKR2.05 Crore,"Canal Road, Faisalabad, Punjab",5.2 Marla,For Sale
Hanzala Estate,House,PKR2.05 Crore,"Canal Road, Faisalabad, Punjab",5.2 Marla,For Sale
Hanzala Estate,House,PKR2.05 Crore,"Canal Road, Faisalabad, Punjab",5.2 Marla,For Sale
Hanzala Estate,House,PKR2.05 Crore,"Canal Road, Faisalabad, Punjab",5.2 Marla,For Sale
Hanzala Estate,House,PKR2.05 Crore,"Canal Road, Faisalabad, Punjab",5.2 Marla,For Sale
Hanzala Estate,House,PKR2.05 Crore,"Canal Road, Faisalabad, Punjab",5.2 Marla,For Sale
Hanzala Estate,House,PKR2.05 Crore,"Canal Road, Faisalabad, Punjab",5.2 Marla,For Sale
Hanzala Estate,House,PKR2.05 Crore,"Canal Road, Faisalabad, Punjab",5.2 Marla,For Sale
Hanzala Estate,House,PKR2.05 Crore,"Canal Road, Faisalabad, Punjab",5.2 Marla,For Sale
Hanzala Estate,House,PKR2.05 Crore,"Canal Road, Faisalabad, Punjab",5.2 Marla,For Sale
Hanzala Estate,House,PKR2.05 Crore,"Canal Road, Faisalabad, Punjab",5.2 Marla,For Sale
Hanzala Estate,House,PKR2.05 Crore,"Canal Road, Faisalabad, Punjab",5.2 Marla,For Sale
Hanzala Estate,House,PKR2.05 Crore,"Canal Road, Faisalabad, Punjab",5.2 Marla,For Sale
Hanzala Estate,House,PKR2.05 Crore,"Canal Road, Faisalabad, Punjab",5.2 Marla,For Sale
Hanzala Estate,House,PKR2.05 Crore,"Canal Road, Faisalabad, Punjab",5.2 Marla,For Sale
Hanzala Estate,House,PKR2.05 Crore,"Canal Road, Faisalabad, Punjab",5.2 Marla,For Sale
Hanzala Estate,House,PKR2.05 Crore,"Canal Road, Faisalabad, Punjab",5.2 Marla,For Sale
Hanzala Estate,House,PKR2.05 Crore,"Canal Road, Faisalabad, Punjab",5.2 Marla,For Sale
Hanzala Estate,House,PKR2.05 Crore,"Canal Road, Faisalabad, Punjab",5.2 Marla,For Sale
Hanzala Estate,House,PKR2.05 Crore,"Canal Road, Faisalabad, Punjab",5.2 Marla,For Sale
Hanzala Estate,House,PKR2.05 Crore,"Canal Road, Faisalabad, Punjab",5.2 Marla,For Sale
Hanzala Estate,House,PKR2.05 Crore,"Canal Road, Faisalabad, Punjab",5.2 Marla,For Sale
Hanzala Estate,House,PKR2.05 Crore,"Canal Road, Faisalabad, Punjab",5.2 Marla,For Sale
Hanzala Estate,House,PKR2.05 Crore,"Canal Road, Faisalabad, Punjab",5.2 Marla,For Sale
Hanzala Estate,House,PKR2.05 Crore,"Canal Road, Faisalabad, Punjab",5.2 Marla,For Sale
Hanzala Estate,House,PKR2.05 Crore,"Canal Road, Faisalabad, Punjab",5.2 Marla,For Sale
Hanzala Estate,House,PKR2.05 Crore,"Canal Road, Faisalabad, Punjab",5.2 Marla,For Sale
Hanzala Estate,House,PKR2.05 Crore,"Canal Road, Faisalabad, Punjab",5.2 Marla,For Sale
Hanzala Estate,House,PKR2.05 Crore,"Canal Road, Faisalabad, Punjab",5.2 Marla,For Sale
Hanzala Estate,House,PKR2.05 Crore,"Canal Road, Faisalabad, Punjab",5.2 Marla,For Sale
Hanzala Estate,House,PKR2.05 Crore,"Canal Road, Faisalabad, Punjab",5.2 Marla,For Sale
Hanzala Estate,House,PKR2.05 Crore,"Canal Road, Faisalabad, Punjab",5.2 Marla,For Sale
Hanzala Estate,House,PKR2.05 Crore,"Canal Road, Faisalabad, Punjab",5.2 Marla,For Sale
Hanzala Estate,House,PKR2.05 Crore,"Canal Road, Faisalabad, Punjab",5.2 Marla,For Sale
Hanzala Estate,House,PKR2.05 Crore,"Canal Road, Faisalabad, Punjab",5.2 Marla,For Sale
Hanzala Estate,House,PKR2.05 Crore,"Canal Road, Faisalabad, Punjab",5.2 Marla,For Sale
Hanzala Estate,House,PKR2.05 Crore,"Canal Road, Faisalabad, Punjab",5.2 Marla,For Sale
Hanzala Estate,House,PKR2.05 Crore,"Canal Road, Faisalabad, Punjab",5.2 Marla,For Sale
Hanzala Estate,House,PKR2.05 Crore,"Canal Road, Faisalabad, Punjab",5.2 Marla,For Sale
Hanzala Estate,House,PKR2.05 Crore,"Canal Road, Faisalabad, Punjab",5.2 Marla,For Sale
Hanzala Estate,House,PKR2.05 Crore,"Canal Road, Faisalabad, Punjab",5.2 Marla,For Sale
Hanzala Estate,House,PKR2.05 Crore,"Canal Road, Faisalabad, Punjab",5.2 Marla,For Sale
Hanzala Estate,House,PKR2.05 Crore,"Canal Road, Faisalabad, Punjab",5.2 Marla,For Sale
Hanzala Estate,House,PKR2.05 Crore,"Canal Road, Faisalabad, Punjab",5.2 Marla,For Sale
Hanzala Estate,House,PKR2.05 Crore,"Canal Road, Faisalabad, Punjab",5.2 Marla,For Sale
Hanzala Estate,House,PKR2.05 Crore,"Canal Road, Faisalabad, Punjab",5.2 Marla,For Sale
Hanzala Estate,House,PKR2.05 Crore,"Canal Road, Faisalabad, Punjab",5.2 Marla,For Sale
Hanzala Estate,House,PKR2.05 Crore,"Canal Road, Faisalabad, Punjab",5.2 Marla,For Sale
Hanzala Estate,House,PKR2.05 Crore,"Canal Road, Faisalabad, Punjab",5.2 Marla,For Sale
Hanzala Estate,House,PKR2.05 Crore,"Canal Road, Faisalabad, Punjab",5.2 Marla,For Sale
Hanzala Estate,House,PKR2.05 Crore,"Canal Road, Faisalabad, Punjab",5.2 Marla,For Sale
Hanzala Estate,House,PKR2.05 Crore,"Canal Road, Faisalabad, Punjab",5.2 Marla,For Sale
Hanzala Estate,House,PKR2.05 Crore,"Canal Road, Faisalabad, Punjab",5.2 Marla,For Sale
Hanzala Estate,House,PKR2.05 Crore,"Canal Road, Faisalabad, Punjab",5.2 Marla,For Sale
Hanzala Estate,House,PKR2.05 Crore,"Canal Road, Faisalabad, Punjab",5.2 Marla,For Sale
Hanzala Estate,House,PKR2.05 Crore,"Canal Road, Faisalabad, Punjab",5.2 Marla,For Sale
Hanzala Estate,House,PKR2.05 Crore,"Canal Road, Faisalabad, Punjab",5.2 Marla,For Sale
Hanzala Estate,House,PKR2.05 Crore,"Canal Road, Faisalabad, Punjab",5.2 Marla,For Sale
Hanzala Estate,House,PKR2.05 Crore,"Canal Road, Faisalabad, Punjab",5.2 Marla,For Sale
Hanzala Estate,House,PKR2.05 Crore,"Canal Road, Faisalabad, Punjab",5.2 Marla,For Sale
Hanzala Estate,House,PKR2.05 Crore,"Canal Road, Faisalabad, Punjab",5.2 Marla,For Sale
Hanzala Estate,House,PKR2.05 Crore,"Canal Road, Faisalabad, Punjab",5.2 Marla,For Sale
Hanzala Estate,House,PKR2.05 Crore,"Canal Road, Faisalabad, Punjab",5.2 Marla,For Sale
Hanzala Estate,House,PKR2.05 Crore,"Canal Road, Faisalabad, Punjab",5.2 Marla,For Sale
Hanzala Estate,House,PKR2.05 Crore,"Canal Road, Faisalabad, Punjab",5.2 Marla,For Sale
Hanzala Estate,House,PKR2.05 Crore,"Canal Road, Faisalabad, Punjab",5.2 Marla,For Sale
Hanzala Estate,House,PKR2.05 Crore,"Canal Road, Faisalabad, Punjab",5.2 Marla,For Sale
Hanzala Estate,House,PKR2.05 Crore,"Canal Road, Faisalabad, Punjab",5.2 Marla,For Sale
Hanzala Estate,House,PKR2.05 Crore,"Canal Road, Faisalabad, Punjab",5.2 Marla,For Sale
Hanzala Estate,House,PKR2.05 Crore,"Canal Road, Faisalabad, Punjab",5.2 Marla,For Sale
Hanzala Estate,House,PKR2.05 Crore,"Canal Road, Faisalabad, Punjab",5.2 Marla,For Sale
Hanzala Estate,House,PKR2.05 Crore,"Canal Road, Faisalabad, Punjab",5.2 Marla,For Sale
Hanzala Estate,House,PKR2.05 Crore,"Canal Road, Faisalabad, Punjab",5.2 Marla,For Sale
Hanzala Estate,House,PKR2.05 Crore,"Canal Road, Faisalabad, Punjab",5.2 Marla,For Sale
Hanzala Estate,House,PKR2.05 Crore,"Canal Road, Faisalabad, Punjab",5.2 Marla,For Sale
Hanzala Estate,House,PKR2.05 Crore,"Canal Road, Faisalabad, Punjab",5.2 Marla,For Sale
Hanzala Estate,House,PKR2.05 Crore,"Canal Road, Faisalabad, Punjab",5.2 Marla,For Sale
Hanzala Estate,House,PKR2.05 Crore,"Canal Road, Faisalabad, Punjab",5.2 Marla,For Sale
Hanzala Estate,House,PKR2.05 Crore,"Canal Road, Faisalabad, Punjab",5.2 Marla,For Sale
Hanzala Estate,House,PKR2.05 Crore,"Canal Road, Faisalabad, Punjab",5.2 Marla,For Sale
Hanzala Estate,House,PKR2.05 Crore,"Canal Road, Faisalabad, Punjab",5.2 Marla,For Sale
Hanzala Estate,House,PKR2.05 Crore,"Canal Road, Faisalabad, Punjab",5.2 Marla,For Sale
Hanzala Estate,House,PKR2.05 Crore,"Canal Road, Faisalabad, Punjab",5.2 Marla,For Sale
Hanzala Estate,House,PKR2.05 Crore,"Canal Road, Faisalabad, Punjab",5.2 Marla,For Sale
Hanzala Estate,House,PKR2.05 Crore,"Canal Road, Faisalabad, Punjab",5.2 Marla,For Sale
Hanzala Estate,House,PKR2.05 Crore,"Canal Road, Faisalabad, Punjab",5.2 Marla,For Sale
Hanzala Estate,House,PKR2.05 Crore,"Canal Road, Faisalabad, Punjab",5.2 Marla,For Sale
Hanzala Estate,House,PKR2.05 Crore,"Canal Road, Faisalabad, Punjab",5.2 Marla,For Sale
Hanzala Estate,House,PKR2.05 Crore,"Canal Road, Faisalabad, Punjab",5.2 Marla,For Sale
Hanzala Estate,House,PKR2.05 Crore,"Canal Road, Faisalabad, Punjab",5.2 Marla,For Sale
Hanzala Estate,House,PKR2.05 Crore,"Canal Road, Faisalabad, Punjab",5.2 Marla,For Sale
Hanzala Estate,House,PKR2.05 Crore,"Canal Road, Faisalabad, Punjab",5.2 Marla,For Sale
Hanzala Estate,House,PKR2.05 Crore,"Canal Road, Faisalabad, Punjab",5.2 Marla,For Sale
Hanzala Estate,House,PKR2.05 Crore,"Canal Road, Faisalabad, Punjab",5.2 Marla,For Sale
Hanzala Estate,House,PKR2.05 Crore,"Canal Road, Faisalabad, Punjab",5.2 Marla,For Sale
Hanzala Estate,House,PKR2.05 Crore,"Canal Road, Faisalabad, Punjab",5.2 Marla,For Sale
Hanzala Estate,House,PKR2.05 Crore,"Canal Road, Faisalabad, Punjab",5.2 Marla,For Sale
Hanzala Estate,House,PKR2.05 Crore,"Canal Road, Faisalabad, Punjab",5.2 Marla,For Sale
Hanzala Estate,House,PKR2.05 Crore,"Canal Road, Faisalabad, Punjab",5.2 Marla,For Sale
Hanzala Estate,House,PKR2.05 Crore,"Canal Road, Faisalabad, Punjab",5.2 Marla,For Sale
Hanzala Estate,House,PKR2.05 Crore,"Canal Road, Faisalabad, Punjab",5.2 Marla,For Sale
Hanzala Estate,House,PKR2.05 Crore,"Canal Road, Faisalabad, Punjab",5.2 Marla,For Sale
Hanzala Estate,House,PKR2.05 Crore,"Canal Road, Faisalabad, Punjab",5.2 Marla,For Sale
Hanzala Estate,House,PKR2.05 Crore,"Canal Road, Faisalabad, Punjab",5.2 Marla,For Sale
Hanzala Estate,House,PKR(2.0 Crore,"Canal Road, Faisalabad, Punjab",5.2 Marla,For Sale
Hanzala Estate,House,PKR2.07 Crore,"Canal Road, Faisalabad, Punjab",5.35 Marla,For Sale
Hanzala Estate,House,PKR2.07 Crore,"Canal Road, Faisalabad, Punjab",5.35 Marla,For Sale
Hanzala Estate,House,PKR2.07 Crore,"Canal Road, Faisalabad, Punjab",5.35 Marla,For Sale
Hanzala Estate,House,PKR2.07 Crore,"Canal Road, Faisalabad, Punjab",5.35 Marla,For Sale
Hanzala Estate,House,PKR2.07 Crore,"Canal Road, Faisalabad, Punjab",5.35 Marla,For Sale
Hanzala Estate,House,PKR2.07 Crore,"Canal Road, Faisalabad, Punjab",5.35 Marla,For Sale
Hanzala Estate,House,PKR2.07 Crore,"Canal Road, Faisalabad, Punjab",5.35 Marla,For Sale
Hanzala Estate,House,PKR2.07 Crore,"Canal Road, Faisalabad, Punjab",5.35 Marla,For Sale
Hanzala Estate,House,PKR2.07 Crore,"Canal Road, Faisalabad, Punjab",5.35 Marla,For Sale
Hanzala Estate,House,PKR2.07 Crore,"Canal Road, Faisalabad, Punjab",5.35 Marla,For Sale
Hanzala Estate,House,PKR2.07 Crore,"Canal Road, Faisalabad, Punjab",5.35 Marla,For Sale
Hanzala Estate,House,PKR2.07 Crore,"Canal Road, Faisalabad, Punjab",5.35 Marla,For Sale
Hanzala Estate,House,PKR2.07 Crore,"Canal Road, Faisalabad, Punjab",5.35 Marla,For Sale
Hanzala Estate,House,PKR2.07 Crore,"Canal Road, Faisalabad, Punjab",5.35 Marla,For Sale
Hanzala Estate,House,PKR2.07 Crore,"Canal Road, Faisalabad, Punjab",5.35 Marla,For Sale
Hanzala Estate,House,PKR2.07 Crore,"Canal Road, Faisalabad, Punjab",5.35 Marla,For Sale
Hanzala Estate,House,PKR2.07 Crore,"Canal Road, Faisalabad, Punjab",5.35 Marla,For Sale
Hanzala Estate,House,PKR2.07 Crore,"Canal Road, Faisalabad, Punjab",5.35 Marla,For Sale
Hanzala Estate,House,PKR2.07 Crore,"Canal Road, Faisalabad, Punjab",5.35 Marla,For Sale
Hanzala Estate,House,PKR2.07 Crore,"Canal Road, Faisalabad, Punjab",5.35 Marla,For Sale
Hanzala Estate,House,PKR2.07 Crore,"Canal Road, Faisalabad, Punjab",5.35 Marla,For Sale
Hanzala Estate,House,PKR2.07 Crore,"Canal Road, Faisalabad, Punjab",5.35 Marla,For Sale
Hanzala Estate,House,PKR2.07 Crore,"Canal Road, Faisalabad, Punjab",5.35 Marla,For Sale
Hanzala Estate,House,PKR2.07 Crore,"Canal Road, Faisalabad, Punjab",5.35 Marla,For Sale
Hanzala Estate,House,PKR2.07 Crore,"Canal Road, Faisalabad, Punjab",5.35 Marla,For Sale
Hanzala Estate,House,PKR2.07 Crore,"Canal Road, Faisalabad, Punjab",5.35 Marla,For Sale
Hanzala Estate,House,PKR2.07 Crore,"Canal Road, Faisalabad, Punjab",5.35 Marla,For Sale
Hanzala Estate,House,PKR2.07 Crore,"Canal Road, Faisalabad, Punjab",5.35 Marla,For Sale
Hanzala Estate,House,PKR2.07 Crore,"Canal Road, Faisalabad, Punjab",5.35 Marla,For Sale
Hanzala Estate,House,PKR2.07 Crore,"Canal Road, Faisalabad, Punjab",5.35 Marla,For Sale
Hanzala Estate,House,PKR2.07 Crore,"Canal Road, Faisalabad, Punjab",5.35 Marla,For Sale
Hanzala Estate,House,PKR2.07 Crore,"Canal Road, Faisalabad, Punjab",5.35 Marla,For Sale
Hanzala Estate,House,PKR2.07 Crore,"Canal Road, Faisalabad, Punjab",5.35 Marla,For Sale
Hanzala Estate,House,PKR2.07 Crore,"Canal Road, Faisalabad, Punjab",5.35 Marla,For Sale
Hanzala Estate,House,PKR2.07 Crore,"Canal Road, Faisalabad, Punjab",5.35 Marla,For Sale
Hanzala Estate,House,PKR2.07 Crore,"Canal Road, Faisalabad, Punjab",5.35 Marla,For Sale
Hanzala Estate,House,PKR2.07 Crore,"Canal Road, Faisalabad, Punjab",5.35 Marla,For Sale
Hanzala Estate,House,PKR2.07 Crore,"Canal Road, Faisalabad, Punjab",5.35 Marla,For Sale
Hanzala Estate,House,PKR2.07 Crore,"Canal Road, Faisalabad, Punjab",5.35 Marla,For Sale
Hanzala Estate,House,PKR2.07 Crore,"Canal Road, Faisalabad, Punjab",5.35 Marla,For Sale
Hanzala Estate,House,PKR2.07 Crore,"Canal Road, Faisalabad, Punjab",5.35 Marla,For Sale
Hanzala Estate,House,PKR2.07 Crore,"Canal Road, Faisalabad, Punjab",5.35 Marla,For Sale
Hanzala Estate,House,PKR2.07 Crore,"Canal Road, Faisalabad, Punjab",5.35 Marla,For Sale
Hanzala Estate,House,PKR2.07 Crore,"Canal Road, Faisalabad, Punjab",5.35 Marla,For Sale
Hanzala Estate,House,PKR2.07 Crore,"Canal Road, Faisalabad, Punjab",5.35 Marla,For Sale
Hanzala Estate,House,PKR2.07 Crore,"Canal Road, Faisalabad, Punjab",5.35 Marla,For Sale
Hanzala Estate,House,PKR2.07 Crore,"Canal Road, Faisalabad, Punjab",5.35 Marla,For Sale
Hanzala Estate,House,PKR2.07 Crore,"Canal Road, Faisalabad, Punjab",5.35 Marla,For Sale
Hanzala Estate,House,PKR2.07 Crore,"Canal Road, Faisalabad, Punjab",5.35 Marla,For Sale
Hanzala Estate,House,PKR2.07 Crore,"Canal Road, Faisalabad, Punjab",5.35 Marla,For Sale
Hanzala Estate,House,PKR2.07 Crore,"Canal Road, Faisalabad, Punjab",5.35 Marla,For Sale
Hanzala Estate,House,PKR2.07 Crore,"Canal Road, Faisalabad, Punjab",5.35 Marla,For Sale
Hanzala Estate,House,PKR2.07 Crore,"Canal Road, Faisalabad, Punjab",5.35 Marla,For Sale
Hanzala Estate,House,PKR2.07 Crore,"Canal Road, Faisalabad, Punjab",5.35 Marla,For Sale
Hanzala Estate,House,PKR2.07 Crore,"Canal Road, Faisalabad, Punjab",5.35 Marla,For Sale
Hanzala Estate,House,PKR2.07 Crore,"Canal Road, Faisalabad, Punjab",5.35 Marla,For Sale
Hanzala Estate,House,PKR2.07 Crore,"Canal Road, Faisalabad, Punjab",5.35 Marla,For Sale
Hanzala Estate,House,PKR2.07 Crore,"Canal Road, Faisalabad, Punjab",5.35 Marla,For Sale
Hanzala Estate,House,PKR2.07 Crore,"Canal Road, Faisalabad, Punjab",5.35 Marla,For Sale
Hanzala Estate,House,PKR2.07 Crore,"Canal Road, Faisalabad, Punjab",5.35 Marla,For Sale
Hanzala Estate,House,PKR2.07 Crore,"Canal Road, Faisalabad, Punjab",5.35 Marla,For Sale
Hanzala Estate,House,PKR2.07 Crore,"Canal Road, Faisalabad, Punjab",5.35 Marla,For Sale
Hanzala Estate,House,PKR2.07 Crore,"Canal Road, Faisalabad, Punjab",5.35 Marla,For Sale
Hanzala Estate,House,PKR2.07 Crore,"Canal Road, Faisalabad, Punjab",5.35 Marla,For Sale
Hanzala Estate,House,PKR2.07 Crore,"Canal Road, Faisalabad, Punjab",5.35 Marla,For Sale
Hanzala Estate,House,PKR2.07 Crore,"Canal Road, Faisalabad, Punjab",5.35 Marla,For Sale
Hanzala Estate,House,PKR2.07 Crore,"Canal Road, Faisalabad, Punjab",5.35 Marla,For Sale
Hanzala Estate,House,PKR2.07 Crore,"Canal Road, Faisalabad, Punjab",5.35 Marla,For Sale
Hanzala Estate,House,PKR2.07 Crore,"Canal Road, Faisalabad, Punjab",5.35 Marla,For Sale
Hanzala Estate,House,PKR2.07 Crore,"Canal Road, Faisalabad, Punjab",5.35 Marla,For Sale
Hanzala Estate,House,PKR2.07 Crore,"Canal Road, Faisalabad, Punjab",5.35 Marla,For Sale
Hanzala Estate,House,PKR2.07 Crore,"Canal Road, Faisalabad, Punjab",5.35 Marla,For Sale
Hanzala Estate,House,PKR2.07 Crore,"Canal Road, Faisalabad, Punjab",5.35 Marla,For Sale
Hanzala Estate,House,PKR2.07 Crore,"Canal Road, Faisalabad, Punjab",5.35 Marla,For Sale
Hanzala Estate,House,PKR2.07 Crore,"Canal Road, Faisalabad, Punjab",5.35 Marla,For Sale
Hanzala Estate,House,PKR2.07 Crore,"Canal Road, Faisalabad, Punjab",5.35 Marla,For Sale
Hanzala Estate,House,PKR2.07 Crore,"Canal Road, Faisalabad, Punjab",5.35 Marla,For Sale
Hanzala Estate,House,PKR2.07 Crore,"Canal Road, Faisalabad, Punjab",5.35 Marla,For Sale
Hanzala Estate,House,PKR2.07 Crore,"Canal Road, Faisalabad, Punjab",5.35 Marla,For Sale
Hanzala Estate,House,PKR2.07 Crore,"Canal Road, Faisalabad, Punjab",5.35 Marla,For Sale
Hanzala Estate,House,PKR2.07 Crore,"Canal Road, Faisalabad, Punjab",5.35 Marla,For Sale
Hanzala Estate,House,PKR2.07 Crore,"Canal Road, Faisalabad, Punjab",5.35 Marla,For Sale
Hanzala Estate,House,PKR2.07 Crore,"Canal Road, Faisalabad, Punjab",5.35 Marla,For Sale
Hanzala Estate,House,PKR2.07 Crore,"Canal Road, Faisalabad, Punjab",5.35 Marla,For Sale
Hanzala Estate,House,PKR2.07 Crore,"Canal Road, Faisalabad, Punjab",5.35 Marla,For Sale
Hanzala Estate,House,PKR2.07 Crore,"Canal Road, Faisalabad, Punjab",5.35 Marla,For Sale
Hanzala Estate,House,PKR2.07 Crore,"Canal Road, Faisalabad, Punjab",5.35 Marla,For Sale
Hanzala Estate,House,PKR2.07 Crore,"Canal Road, Faisalabad, Punjab",5.35 Marla,For Sale
Hanzala Estate,House,PKR2.07 Crore,"Canal Road, Faisalabad, Punjab",5.35 Marla,For Sale
Hanzala Estate,House,PKR2.07 Crore,"Canal Road, Faisalabad, Punjab",5.35 Marla,For Sale
Hanzala Estate,House,PKR2.07 Crore,"Canal Road, Faisalabad, Punjab",5.35 Marla,For Sale
Hanzala Estate,House,PKR2.07 Crore,"Canal Road, Faisalabad, Punjab",5.35 Marla,For Sale
Hanzala Estate,House,PKR2.07 Crore,"Canal Road, Faisalabad, Punjab",5.35 Marla,For Sale
Hanzala Estate,House,PKR2.07 Crore,"Canal Road, Faisalabad, Punjab",5.35 Marla,For Sale
Hanzala Estate,House,PKR2.07 Crore,"Canal Road, Faisalabad, Punjab",5.35 Marla,For Sale
Hanzala Estate,House,PKR2.07 Crore,"Canal Road, Faisalabad, Punjab",5.35 Marla,For Sale
Hanzala Estate,House,PKR2.07 Crore,"Canal Road, Faisalabad, Punjab",5.35 Marla,For Sale
Hanzala Estate,House,PKR2.07 Crore,"Canal Road, Faisalabad, Punjab",5.35 Marla,For Sale
Hanzala Estate,House,PKR2.07 Crore,"Canal Road, Faisalabad, Punjab",5.35 Marla,For Sale
Hanzala Estate,House,PKR2.07 Crore,"Canal Road, Faisalabad, Punjab",5.35 Marla,For Sale
Hanzala Estate,House,PKR2.07 Crore,"Canal Road, Faisalabad, Punjab",5.35 Marla,For Sale
Hanzala Estate,House,PKR2.07 Crore,"Canal Road, Faisalabad, Punjab",5.35 Marla,For Sale
Hanzala Estate,House,PKR2.07 Crore,"Canal Road, Faisalabad, Punjab",5.35 Marla,For Sale
Hanzala Estate,House,PKR2.07 Crore,"Canal Road, Faisalabad, Punjab",5.35 Marla,For Sale
Hanzala Estate,House,PKR2.07 Crore,"Canal Road, Faisalabad, Punjab",5.35 Marla,For Sale
Hanzala Estate,House,PKR2.07 Crore,"Canal Road, Faisalabad, Punjab",5.35 Marla,For Sale
Hanzala Estate,House,PKR2.07 Crore,"Canal Road, Faisalabad, Punjab",5.35 Marla,For Sale
Hanzala Estate,House,PKR2.07 Crore,"Canal Road, Faisalabad, Punjab",5.35 Marla,For Sale
Hanzala Estate,House,PKR2.07 Crore,"Canal Road, Faisalabad, Punjab",5.35 Marla,For Sale
Hanzala Estate,House,PKR2.07 Crore,"Canal Road, Faisalabad, Punjab",5.35 Marla,For Sale
Hanzala Estate,House,PKR2.07 Crore,"Canal Road, Faisalabad, Punjab",5.35 Marla,For Sale
Hanzala Estate,House,PKR2.07 Crore,"Canal Road, Faisalabad, Punjab",5.35 Marla,For Sale
Hanzala Estate,House,PKR2.07 Crore,"Canal Road, Faisalabad, Punjab",5.35 Marla,For Sale
Hanzala Estate,House,PKR2.07 Crore,"Canal Road, Faisalabad, Punjab",5.35 Marla,For Sale
Hanzala Estate,House,PKR2.07 Crore,"Canal Road, Faisalabad, Punjab",5.35 Marla,For Sale
Hanzala Estate,House,PKR2.07 Crore,"Canal Road, Faisalabad, Punjab",5.35 Marla,For Sale
Hanzala Estate,House,PKR2.07 Crore,"Canal Road, Faisalabad, Punjab",5.35 Marla,For Sale
Hanzala Estate,House,PKR2.07 Crore,"Canal Road, Faisalabad, Punjab",5.35 Marla,For Sale
Hanzala Estate,House,PKR2.07 Crore,"Canal Road, Faisalabad, Punjab",5.35 Marla,For Sale
Hanzala Estate,House,PKR2.07 Crore,"Canal Road, Faisalabad, Punjab",5.35 Marla,For Sale
Hanzala Estate,House,PKR2.07 Crore,"Canal Road, Faisalabad, Punjab",5.35 Marla,For Sale
Hanzala Estate,House,PKR2.07 Crore,"Canal Road, Faisalabad, Punjab",5.35 Marla,For Sale
Hanzala Estate,House,PKR2.07 Crore,"Canal Road, Faisalabad, Punjab",5.35 Marla,For Sale
Hanzala Estate,House,PKR2.07 Crore,"Canal Road, Faisalabad, Punjab",5.35 Marla,For Sale
Hanzala Estate,House,PKR2.07 Crore,"Canal Road, Faisalabad, Punjab",5.35 Marla,For Sale
Hanzala Estate,House,PKR2.07 Crore,"Canal Road, Faisalabad, Punjab",5.35 Marla,For Sale
Hanzala Estate,House,PKR2.07 Crore,"Canal Road, Faisalabad, Punjab",5.35 Marla,For Sale
Hanzala Estate,House,PKR2.07 Crore,"Canal Road, Faisalabad, Punjab",5.35 Marla,For Sale
Hanzala Estate,House,PKR2.07 Crore,"Canal Road, Faisalabad, Punjab",5.35 Marla,For Sale
Hanzala Estate,House,PKR2.07 Crore,"Canal Road, Faisalabad, Punjab",5.35 Marla,For Sale
Hanzala Estate,House,PKR2.07 Crore,"Canal Road, Faisalabad, Punjab",5.35 Marla,For Sale
Hanzala Estate,House,PKR2.07 Crore,"Canal Road, Faisalabad, Punjab",5.35 Marla,For Sale
Hanzala Estate,House,PKR2.07 Crore,"Canal Road, Faisalabad, Punjab",5.35 Marla,For Sale
Hanzala Estate,House,PKR2.07 Crore,"Canal Road, Faisalabad, Punjab",5.35 Marla,For Sale
Hanzala Estate,House,PKR2.07 Crore,"Canal Road, Faisalabad, Punjab",5.35 Marla,For Sale
Hanzala Estate,House,PKR2.07 Crore,"Canal Road, Faisalabad, Punjab",5.35 Marla,For Sale
Hanzala Estate,House,PKR2.07 Crore,"Canal Road, Faisalabad, Punjab",5.35 Marla,For Sale
Hanzala Estate,House,PKR2.07 Crore,"Canal Road, Faisalabad, Punjab",5.35 Marla,For Sale
Hanzala Estate,House,PKR2.07 Crore,"Canal Road, Faisalabad, Punjab",5.35 Marla,For Sale
Hanzala Estate,House,PKR2.07 Crore,"Canal Road, Faisalabad, Punjab",5.35 Marla,For Sale
Hanzala Estate,House,PKR2.07 Crore,"Canal Road, Faisalabad, Punjab",5.35 Marla,For Sale
Hanzala Estate,House,PKR2.07 Crore,"Canal Road, Faisalabad, Punjab",5.35 Marla,For Sale
Hanzala Estate,House,PKR2.07 Crore,"Canal Road, Faisalabad, Punjab",5.35 Marla,For Sale
Hanzala Estate,House,PKR2.07 Crore,"Canal Road, Faisalabad, Punjab",5.35 Marla,For Sale
Hanzala Estate,House,PKR2.07 Crore,"Canal Road, Faisalabad, Punjab",5.35 Marla,For Sale
Hanzala Estate,House,PKR2.07 Crore,"Canal Road, Faisalabad, Punjab",5.35 Marla,For Sale
Hanzala Estate,House,PKR2.07 Crore,"Canal Road, Faisalabad, Punjab",5.35 Marla,For Sale
Hanzala Estate,House,PKR2.07 Crore,"Canal Road, Faisalabad, Punjab",5.35 Marla,For Sale
Hanzala Estate,House,PKR2.07 Crore,"Canal Road, Faisalabad, Punjab",5.35 Marla,For Sale
Hanzala Estate,House,PKR2.07 Crore,"Canal Road, Faisalabad, Punjab",5.35 Marla,For Sale
Hanzala Estate,House,PKR2.07 Crore,"Canal Road, Faisalabad, Punjab",5.35 Marla,For Sale
Hanzala Estate,House,PKR2.07 Crore,"Canal Road, Faisalabad, Punjab",5.35 Marla,For Sale
Hanzala Estate,House,PKR2.07 Crore,"Canal Road, Faisalabad, Punjab",5.35 Marla,For Sale
Hanzala Estate,House,PKR2.07 Crore,"Canal Road, Faisalabad, Punjab",5.35 Marla,For Sale
Hanzala Estate,House,PKR2.07 Crore,"Canal Road, Faisalabad, Punjab",5.35 Marla,For Sale
Hanzala Estate,House,PKR2.07 Crore,"Canal Road, Faisalabad, Punjab",5.35 Marla,For Sale
Hanzala Estate,House,PKR2.07 Crore,"Canal Road, Faisalabad, Punjab",5.35 Marla,For Sale
Hanzala Estate,House,PKR2.07 Crore,"Canal Road, Faisalabad, Punjab",5.35 Marla,For Sale
Hanzala Estate,House,PKR2.07 Crore,"Canal Road, Faisalabad, Punjab",5.35 Marla,For Sale
Hanzala Estate,House,PKR2.07 Crore,"Canal Road, Faisalabad, Punjab",5.35 Marla,For Sale
Hanzala Estate,House,PKR2.07 Crore,"Canal Road, Faisalabad, Punjab",5.35 Marla,For Sale
Hanzala Estate,House,PKR2.07 Crore,"Canal Road, Faisalabad, Punjab",5.35 Marla,For Sale
Hanzala Estate,House,PKR2.07 Crore,"Canal Road, Faisalabad, Punjab",5.35 Marla,For Sale
Hanzala Estate,House,PKR2.07 Crore,"Canal Road, Faisalabad, Punjab",5.35 Marla,For Sale
Hanzala Estate,House,PKR2.07 Crore,"Canal Road, Faisalabad, Punjab",5.35 Marla,For Sale
Hanzala Estate,House,PKR2.07 Crore,"Canal Road, Faisalabad, Punjab",5.35 Marla,For Sale
Hanzala Estate,House,PKR2.07 Crore,"Canal Road, Faisalabad, Punjab",5.35 Marla,For Sale
Hanzala Estate,House,PKR2.07 Crore,"Canal Road, Faisalabad, Punjab",5.35 Marla,For Sale
Hanzala Estate,House,PKR2.07 Crore,"Canal Road, Faisalabad, Punjab",5.35 Marla,For Sale
Hanzala Estate,House,PKR2.07 Crore,"Canal Road, Faisalabad, Punjab",5.35 Marla,For Sale
Hanzala Estate,House,PKR2.07 Crore,"Canal Road, Faisalabad, Punjab",5.35 Marla,For Sale
Hanzala Estate,House,PKR2.07 Crore,"Canal Road, Faisalabad, Punjab",5.35 Marla,For Sale
Hanzala Estate,House,PKR2.07 Crore,"Canal Road, Faisalabad, Punjab",5.35 Marla,For Sale
Hanzala Estate,House,PKR2.07 Crore,"Canal Road, Faisalabad, Punjab",5.35 Marla,For Sale
Hanzala Estate,House,PKR2.07 Crore,"Canal Road, Faisalabad, Punjab",5.35 Marla,For Sale
Hanzala Estate,House,PKR2.07 Crore,"Canal Road, Faisalabad, Punjab",5.35 Marla,For Sale
Hanzala Estate,House,PKR2.07 Crore,"Canal Road, Faisalabad, Punjab",5.35 Marla,For Sale
Hanzala Estate,House,PKR2.07 Crore,"Canal Road, Faisalabad, Punjab",5.35 Marla,For Sale
Hanzala Estate,House,PKR2.07 Crore,"Canal Road, Faisalabad, Punjab",5.35 Marla,For Sale
Hanzala Estate,House,PKR2.07 Crore,"Canal Road, Faisalabad, Punjab",5.35 Marla,For Sale
Hanzala Estate,House,PKR2.07 Crore,"Canal Road, Faisalabad, Punjab",5.35 Marla,For Sale
Hanzala Estate,House,PKR2.07 Crore,"Canal Road, Faisalabad, Punjab",5.35 Marla,For Sale
Hanzala Estate,House,PKR2.07 Crore,"Canal Road, Faisalabad, Punjab",5.35 Marla,For Sale
Hanzala Estate,House,PKR2.07 Crore,"Canal Road, Faisalabad, Punjab",5.35 Marla,For Sale
