Syed Brothers PVT LTD (Ph: 2 DHA),House,PKR6.25 Crore,"DHA Defence, Lahore, Punjab",10 Marla,For Sale
MOJ ESTATES,House,PKR9.25 Crore,"DHA Defence, Lahore, Punjab",1 Kanal,For Sale
Arazi Real Estate,House,PKR6.75 Crore,"Askari, Lahore, Punjab",1 Kanal,For Sale
Arazi Real Estate,House,PKR3.75 Crore,"Askari, Lahore, Punjab",10 Marla,For Sale
Maahi Developers,Flat,PKR49.99 Lakh,"Bahria Town, Lahore, Punjab",2.1 Marla,For Sale
Capital Estate & Builders,House,PKR1.7 Crore,"Park View City, Lahore, Punjab",5 Marla,For Sale
Chughtai Estate & Builders,House,PKR8.25 Crore,"Wapda Town, Lahore, Punjab",1.6 Kanal,For Sale
Hira Estate & Builders,House,PKR8.05 Crore,"DHA Defence, Lahore, Punjab",1 Kanal,For Sale
Mohsin Associates,House,PKR3.8 Crore,"DHA Defence, Lahore, Punjab",10 Marla,For Sale
Madina Estate Advisor & Builders,House,PKR2.4 Crore,"Military Accounts Housing Society, Lahore, Punjab",8 Marla,For Sale
Madina Estate Advisor & Builders,House,PKR1.25 Crore,"Highcourt Society, Lahore, Punjab",4 Marla,For Sale
Al Raffay Estate,House,PKR5.25 Crore,"Wapda Town, Lahore, Punjab",1 Kanal,For Sale
Haram Estate & Builders,House,PKR7.68 Crore,"DHA Defence, Lahore, Punjab",1 Kanal,For Sale
Haram Estate & Builders,House,PKR8.95 Crore,"DHA Defence, Lahore, Punjab",1 Kanal,For Sale
Haram Estate & Builders,House,PKR6.55 Crore,"DHA Defence, Lahore, Punjab",1 Kanal,For Sale
Haram Estate & Builders,House,PKR6.75 Crore,"DHA Defence, Lahore, Punjab",1 Kanal,For Sale
Azaan Associates,House,PKR3.75 Crore,"State Life Housing Society, Lahore, Punjab",10 Marla,For Sale
Property  Investment Point,House,PKR6 Crore,"Bahria Town, Lahore, Punjab",1 Kanal,For Sale
Property  Investment Point,House,PKR5.9 Crore,"Bahria Town, Lahore, Punjab",1 Kanal,For Sale
Azaan Associates,House,PKR3.6 Crore,"State Life Housing Society, Lahore, Punjab",10 Marla,For Sale
Zeeshan Real Estate,House,PKR1.72 Crore,"College Road, Lahore, Punjab",5 Marla,For Sale
Zeeshan Real Estate,House,PKR1.74 Crore,"College Road, Lahore, Punjab",5 Marla,For Sale
Zeeshan Real Estate,House,PKR1.75 Crore,"College Road, Lahore, Punjab",5 Marla,For Sale
Zeeshan Real Estate,House,PKR1.2 Crore,"Highcourt Society, Lahore, Punjab",4 Marla,For Sale
New Hira Estate & Builders,House,PKR6 Crore,"DHA Defence, Lahore, Punjab",1 Kanal,For Sale
New Hira Estate & Builders,House,PKR6.75 Crore,"DHA Defence, Lahore, Punjab",1 Kanal,For Sale
Estate Nexus Real Estate Consultant & Builders,House,PKR6.75 Crore,"DHA Defence, Lahore, Punjab",1 Kanal,For Sale
Estate Nexus Real Estate Consultant & Builders,House,PKR18.25 Crore,"DHA Defence, Lahore, Punjab",2 Kanal,For Sale
Umoja Builders,House,PKR6.5 Crore,"Bahria Town, Lahore, Punjab",1 Kanal,For Sale
Al Mumtaz Associates,House,PKR8.75 Crore,"DHA Defence, Lahore, Punjab",1 Kanal,For Sale
Ai Estate & Builders,House,PKR2.55 Crore,"Central Park Housing Scheme, Lahore, Punjab",10 Marla,For Sale
Future Associates,House,PKR2 Crore,"Park View City, Lahore, Punjab",6 Marla,For Sale
Future Associates,House,PKR1.85 Crore,"Park View City, Lahore, Punjab",5 Marla,For Sale
Madina Estate Advisor & Builders,House,PKR88 Lakh,"Highcourt Society, Lahore, Punjab",3 Marla,For Sale
Madina Estate Advisor & Builders,House,PKR1.25 Crore,"Military Accounts Housing Society, Lahore, Punjab",4 Marla,For Sale
AL madina Property Construction & Consultant,House,PKR5.5 Crore,"Gosha-e-Ahbab, Lahore, Punjab",1 Kanal,For Sale
Al Raffay Estate,House,PKR5.75 Crore,"Wapda Town, Lahore, Punjab",1 Kanal,For Sale
ESL Associates,House,PKR6.05 Crore,"DHA Defence, Lahore, Punjab",1 Kanal,For Sale
Wealth Real Estate & Builders,House,PKR7.25 Crore,"DHA Defence, Lahore, Punjab",1 Kanal,For Sale
Wealth Real Estate & Builders,House,PKR6.5 Crore,"DHA Defence, Lahore, Punjab",1 Kanal,For Sale
Zeeshan Real Estate,House,PKR1.5 Crore,"Eden, Lahore, Punjab",5 Marla,For Sale
Zeeshan Real Estate,House,PKR3.7 Crore,"Punjab Govt Employees Society, Lahore, Punjab",10 Marla,For Sale
Zeeshan Real Estate,House,PKR2.48 Crore,"Military Accounts Housing Society, Lahore, Punjab",8 Marla,For Sale
Zeeshan Real Estate,House,PKR2.49 Crore,"Military Accounts Housing Society, Lahore, Punjab",8 Marla,For Sale
Zeeshan Real Estate,House,PKR2.5 Crore,"Military Accounts Housing Society, Lahore, Punjab",8 Marla,For Sale
Zeeshan Real Estate,House,PKR2.47 Crore,"Military Accounts Housing Society, Lahore, Punjab",8 Marla,For Sale
Syed Real Estate & Builders,House,PKR26 Crore,"DHA Defence, Lahore, Punjab",2 Kanal,For Sale
Syed Real Estate & Builders,House,PKR3 Crore,"Formanites Housing Scheme, Lahore, Punjab",10 Marla,For Sale
Umoja Builders,House,PKR2.9 Crore,"Bahria Town, Lahore, Punjab",10 Marla,For Sale
Lexis Estate,House,PKR1.9 Crore,"DHA Defence, Lahore, Punjab",5 Marla,For Sale
Al Rehman Properties,House,PKR2.5 Crore,"Valencia Housing Society, Lahore, Punjab",7 Marla,For Sale
Al Meezan Properties,House,PKR9 Crore,"DHA Defence, Lahore, Punjab",1 Kanal,For Sale
Al Meezan Properties,House,PKR2.2 Crore,"DHA Defence, Lahore, Punjab",5 Marla,For Sale
Future Associates,House,PKR1.85 Crore,"Park View City, Lahore, Punjab",5 Marla,For Sale
Property Investment Point,House,PKR85 Lakh,"GT Road, Lahore, Punjab",5 Marla,For Sale
Razi Associates,House,PKR2.95 Crore,"Johar Town, Lahore, Punjab",5 Marla,For Sale
Al Meezan Real Estate,House,PKR2.5 Crore,"Bahria Orchard, Lahore, Punjab",8 Marla,For Sale
Tetra Pro Property Consultants,House,PKR2.15 Crore,"State Life Housing Society, Lahore, Punjab",5 Marla,For Sale
Madina Estate Advisor & Builders,House,PKR2.6 Crore,"College Road, Lahore, Punjab",8 Marla,For Sale
SJ Group,House,PKR58 Lakh,"Bedian Road, Lahore, Punjab",3.5 Marla,For Sale
Wealth Real Estate & Builders,House,PKR7.25 Crore,"DHA Defence, Lahore, Punjab",1 Kanal,For Sale
Wealth Real Estate & Builders,House,PKR6.5 Crore,"DHA Defence, Lahore, Punjab",1 Kanal,For Sale
Faisal Associates,House,PKR14.5 Crore,"DHA Defence, Lahore, Punjab",2 Kanal,For Sale
Haram Estate & Builders,House,PKR14.85 Crore,"DHA Defence, Lahore, Punjab",1 Kanal,For Sale
Haram Estate & Builders,House,PKR5.22 Crore,"DHA Defence, Lahore, Punjab",1 Kanal,For Sale
Syed Real Estate & Builders,House,PKR3 Crore,"Formanites Housing Scheme, Lahore, Punjab",10 Marla,For Sale
Syed Real Estate & Builders,House,PKR3.5 Crore,"Formanites Housing Scheme, Lahore, Punjab",15 Marla,For Sale
Syed Real Estate & Builders,House,PKR5.2 Crore,"State Life Housing Society, Lahore, Punjab",1 Kanal,For Sale
Syed Real Estate & Builders,House,PKR3.7 Crore,"DHA Defence, Lahore, Punjab",10 Marla,For Sale
Syed Real Estate & Builders,House,PKR3.1 Crore,"Bankers Co-operative Housing Society, Lahore, Punjab",10 Marla,For Sale
Syed Real Estate & Builders,House,PKR3.9 Crore,"DHA Defence, Lahore, Punjab",8 Marla,For Sale
Syed Real Estate & Builders,House,PKR2.7 Crore,"Formanites Housing Scheme, Lahore, Punjab",10 Marla,For Sale
Syed Real Estate & Builders,House,PKR3.8 Crore,"State Life Housing Society, Lahore, Punjab",10 Marla,For Sale
N M Associates,House,PKR2.65 Crore,"Raiwind Road, Lahore, Punjab",7 Marla,For Sale
Future Planners,House,PKR19 Crore,"DHA Defence, Lahore, Punjab",2 Kanal,For Sale
Lahore Grande Real Estate,House,PKR2.24 Crore,"DHA Defence, Lahore, Punjab",5 Marla,For Sale
Home Real Estate & Builders,House,PKR9.7 Crore,"DHA Defence, Lahore, Punjab",1 Kanal,For Sale
The Team,House,PKR10.5 Crore,"DHA Defence, Lahore, Punjab",1 Kanal,For Sale
Mehar Real Estate,House,PKR2.6 Crore,"Allama Iqbal Town, Lahore, Punjab",10 Marla,For Sale
Dubai Estate and Builders,House,PKR6.9 Crore,"PIA Housing Scheme, Lahore, Punjab",1 Kanal,For Sale
AHK DEVELOPERS,House,PKR6.5 Crore,"DHA Defence, Lahore, Punjab",1 Kanal,For Sale
Dominators Real Estate,House,PKR2.25 Crore,"Green City, Lahore, Punjab",5 Marla,For Sale
SJ Group,House,PKR62 Lakh,"Bedian Road, Lahore, Punjab",3 Marla,For Sale
SJ Group,House,PKR1.15 Crore,"Bedian Road, Lahore, Punjab",5 Marla,For Sale
Haram Estate & Builders,House,PKR13.75 Crore,"DHA Defence, Lahore, Punjab",1 Kanal,For Sale
Haram Estate & Builders,House,PKR8.99 Crore,"DHA Defence, Lahore, Punjab",1 Kanal,For Sale
Haram Estate & Builders,House,PKR4.15 Crore,"DHA Defence, Lahore, Punjab",10 Marla,For Sale
Haram Estate & Builders,House,PKR3.65 Crore,"DHA Defence, Lahore, Punjab",10 Marla,For Sale
Haram Estate & Builders,House,PKR4.7 Crore,"DHA Defence, Lahore, Punjab",10 Marla,For Sale
Syed Real Estate & Builders,House,PKR2.6 Crore,"DHA Defence, Lahore, Punjab",5 Marla,For Sale
Syed Real Estate & Builders,House,PKR4.75 Crore,"DHA Defence, Lahore, Punjab",10 Marla,For Sale
Syed Real Estate & Builders,House,PKR3.8 Crore,"Punjab Coop Housing Society, Lahore, Punjab",10 Marla,For Sale
Azaan Associates,House,PKR6.45 Crore,"State Life Housing Society, Lahore, Punjab",1 Kanal,For Sale
Azaan Associates,House,PKR1.8 Crore,"State Life Housing Society, Lahore, Punjab",5 Marla,For Sale
Azaan Associates,House,PKR3.65 Crore,"State Life Housing Society, Lahore, Punjab",10 Marla,For Sale
Azaan Associates,House,PKR5.8 Crore,"State Life Housing Society, Lahore, Punjab",1 Kanal,For Sale
Azaan Associates,House,PKR3.7 Crore,"State Life Housing Society, Lahore, Punjab",10 Marla,For Sale
The Team,House,PKR9.75 Crore,"DHA Defence, Lahore, Punjab",1 Kanal,For Sale
Syed Real Estate & Builders,House,PKR21 Crore,"DHA Defence, Lahore, Punjab",2 Kanal,For Sale
M A Associates,House,PKR4.55 Crore,"Garden Town, Lahore, Punjab",10 Marla,For Sale
U Builders & Real Estate Adviser,House,PKR1.5 Crore,"GT Road, Lahore, Punjab",5 Marla,For Sale
Leads Estates,House,PKR7.5 Crore,"DHA Defence, Lahore, Punjab",1 Kanal,For Sale
Dominators Real Estate,House,PKR2.4 Crore,"Green City, Lahore, Punjab",5 Marla,For Sale
ESL Associates,House,PKR7.15 Crore,"DHA Defence, Lahore, Punjab",1 Kanal,For Sale
Estate Zone,House,PKR19 Crore,"DHA Defence, Lahore, Punjab",2 Kanal,For Sale
Dream Lands Real Estate & Marketing,House,PKR4 Crore,"DHA Defence, Lahore, Punjab",10 Marla,For Sale
Ideal Deal Real Estate & Builders,House,PKR2.35 Crore,"Wapda Town, Lahore, Punjab",5 Marla,For Sale
SJ Group,House,PKR1.25 Crore,"Bedian Road, Lahore, Punjab",5 Marla,For Sale
Anab Associates,House,PKR1.25 Crore,"Bahria Orchard, Lahore, Punjab",5 Marla,For Sale
Estate Zone,House,PKR7.75 Crore,"DHA Defence, Lahore, Punjab",1 Kanal,For Sale
Property Heights Real Estate Service,House,PKR7 Crore,"Shadman, Lahore, Punjab",1 Kanal,For Sale
Property Heights Real Estate Service,House,PKR14 Crore,"Shadman, Lahore, Punjab",2 Kanal,For Sale
Estate Zone,House,PKR5.25 Crore,"DHA Defence, Lahore, Punjab",10 Marla,For Sale
Estate Zone,House,PKR7.5 Crore,"DHA Defence, Lahore, Punjab",1 Kanal,For Sale
AKHTAR PROPERTIES,House,PKR4.7 Crore,"Johar Town, Lahore, Punjab",12 Marla,For Sale
AKHTAR PROPERTIES,House,PKR2 Crore,"Main Canal Bank Road, Lahore, Punjab",5 Marla,For Sale
AKHTAR PROPERTIES,House,PKR2 Crore,"DHA 11 Rahbar, Lahore, Punjab",5 Marla,For Sale
AKHTAR PROPERTIES,House,PKR2 Crore,"DHA 11 Rahbar, Lahore, Punjab",5 Marla,For Sale
AKHTAR PROPERTIES,House,PKR4.5 Crore,"Valencia Housing Society, Lahore, Punjab",12 Marla,For Sale
Umar Estate,House,PKR2.4 Crore,"Wapda Town, Lahore, Punjab",5 Marla,For Sale
Umar Estate,House,PKR3.1 Crore,"Wapda Town, Lahore, Punjab",10 Marla,For Sale
Umar Estate,House,PKR2.1 Crore,"Main Canal Bank Road, Lahore, Punjab",5 Marla,For Sale
Al Muqeet Estate & Builders,House,PKR21.5 Crore,"DHA Defence, Lahore, Punjab",2 Kanal,For Sale
Leads Estates,House,PKR4.7 Crore,"DHA Defence, Lahore, Punjab",10 Marla,For Sale
Task Estate  Builders,House,PKR5.7 Crore,"DHA Defence, Lahore, Punjab",1 Kanal,For Sale
MF Builder,Flat,PKR66 Lakh,"Bahria Orchard, Lahore, Punjab",2.7 Marla,For Sale
U Builders & Real Estate Adviser,House,PKR1.3 Crore,"GT Road, Lahore, Punjab",5 Marla,For Sale
Crown Estate  Marketing,House,PKR3.95 Crore,"Johar Town, Lahore, Punjab",12 Marla,For Sale
Umer Real Estate,House,PKR2.65 Crore,"Defence Road, Lahore, Punjab",8 Marla,For Sale
Royal Enclave Developers,House,PKR6.85 Crore,"DHA Defence, Lahore, Punjab",1 Kanal,For Sale
Hira Estate & Builders,House,PKR6.75 Crore,"DHA Defence, Lahore, Punjab",1 Kanal,For Sale
UPN (Universal Property Network),Flat,PKR36 Lakh,"Raiwind Road, Lahore, Punjab",5 Marla,For Sale
UPN (Universal Property Network),House,PKR3.5 Crore,"Paragon City, Lahore, Punjab",10 Marla,For Sale
Forever Real Estate,House,PKR1.65 Crore,"Formanites Housing Scheme, Lahore, Punjab",5 Marla,For Sale
Estate Zone,House,PKR4.9 Crore,"DHA Defence, Lahore, Punjab",1 Kanal,For Sale
Zeeshan Estate Advisors,House,PKR2.75 Crore,"Sabzazar Scheme, Lahore, Punjab",10 Marla,For Sale
ACE Developers,House,PKR4.5 Crore,"Bahria Town, Lahore, Punjab",10 Marla,For Sale
Al Raffay Estate,House,PKR5.5 Crore,"Valencia Housing Society, Lahore, Punjab",1 Kanal,For Sale
Umar Estate,House,PKR3.25 Crore,"Tariq Gardens, Lahore, Punjab",10 Marla,For Sale
Umar Estate,House,PKR3.2 Crore,"Wapda Town, Lahore, Punjab",10 Marla,For Sale
Land Holders Real Estate,House,PKR1.9 Crore,"Bahria Town, Lahore, Punjab",5 Marla,For Sale
Land Holders Real Estate,House,PKR1.98 Crore,"Bahria Town, Lahore, Punjab",5 Marla,For Sale
Land Holders Real Estate,House,PKR1.85 Crore,"Bahria Town, Lahore, Punjab",5 Marla,For Sale
Land Holders Real Estate,House,PKR2 Crore,"Bahria Town, Lahore, Punjab",5 Marla,For Sale
Land Holders Real Estate,House,PKR2.05 Crore,"Bahria Town, Lahore, Punjab",5 Marla,For Sale
Tayyab Real Estate & Builders,House,PKR2.25 Crore,"Nasheman-e-Iqbal, Lahore, Punjab",7.5 Marla,For Sale
U Builders & Real Estate Adviser,House,PKR1.1 Crore,"GT Road, Lahore, Punjab",4 Marla,For Sale
Harum Real Estate & Builders,House,PKR5.25 Crore,"State Life Housing Society, Lahore, Punjab",1 Kanal,For Sale
Jk Enterprises,Flat,PKR2.94 Crore,"Main Canal Bank Road, Lahore, Punjab",7.2 Marla,For Sale
Lexis Estate,House,PKR7.45 Crore,"DHA Defence, Lahore, Punjab",1 Kanal,For Sale
Dera Property,Flat,PKR3.15 Crore,"Askari, Lahore, Punjab",10 Marla,For Sale
Naeem Associates & Builders,House,PKR1.2 Crore,"Bahria Nasheman, Lahore, Punjab",5 Marla,For Sale
Rehaish Real Estate Services & Marketing,House,PKR3.5 Crore,"Bahria Town, Lahore, Punjab",10 Marla,For Sale
Dua Property Advisor,House,PKR2.45 Crore,"State Life Housing Society, Lahore, Punjab",7 Marla,For Sale
Property Point Estate,House,PKR1.6 Crore,"Central Park Housing Scheme, Lahore, Punjab",5 Marla,For Sale
Shahum Estate,House,PKR4.3 Crore,"Divine Gardens, Lahore, Punjab",12 Marla,For Sale
BlackStone Properties,House,PKR8.25 Crore,"DHA Defence, Lahore, Punjab",1 Kanal,For Sale
Usman Associates,House,PKR5 Crore,"Askari, Lahore, Punjab",12 Marla,For Sale
Al Raffay Estate,House,PKR5.5 Crore,"Valencia Housing Society, Lahore, Punjab",1 Kanal,For Sale
Al Raffay Estate,House,PKR5.5 Crore,"Wapda Town, Lahore, Punjab",1 Kanal,For Sale
ACE Developers,House,PKR1.35 Crore,"Raiwind Road, Lahore, Punjab",3 Marla,For Sale
Ahmad Builders  Constructor,House,PKR4.1 Crore,"DHA Defence, Lahore, Punjab",10 Marla,For Sale
HM Estate,House,PKR42 Lakh,"Kahna Kacha, Lahore, Punjab",2 Marla,For Sale
Land Holders Real Estate,House,PKR1.98 Crore,"Bahria Town, Lahore, Punjab",5 Marla,For Sale
Land Holders Real Estate,House,PKR1.85 Crore,"Bahria Town, Lahore, Punjab",5 Marla,For Sale
Land Holders Real Estate,House,PKR2 Crore,"Bahria Town, Lahore, Punjab",5 Marla,For Sale
Land Holders Real Estate,House,PKR2.05 Crore,"Bahria Town, Lahore, Punjab",5 Marla,For Sale
Tayyab Real Estate & Builders,House,PKR2.25 Crore,"Nasheman-e-Iqbal, Lahore, Punjab",7.5 Marla,For Sale
Aadiyat Property Managment Company,Flat,PKR48.11 Lakh,"Bahria Town, Lahore, Punjab",1.3 Marla,For Sale
Aadiyat Property Managment Company,Flat,PKR48.11 Lakh,"Bahria Town, Lahore, Punjab",1.3 Marla,For Sale
Aadiyat Property Managment Company,Flat,PKR48.11 Lakh,"Bahria Town, Lahore, Punjab",1.3 Marla,For Sale
Syed Real Estate & Builders,House,PKR29 Crore,"DHA Defence, Lahore, Punjab",2 Kanal,For Sale
Azaan Associates,House,PKR5.5 Crore,"State Life Housing Society, Lahore, Punjab",1 Kanal,For Sale
Task Estate  Builders,House,PKR6.5 Crore,"DHA Defence, Lahore, Punjab",1 Kanal,For Sale
Future Planners,House,PKR9.8 Crore,"DHA Defence, Lahore, Punjab",1 Kanal,For Sale
Yaseen Associates & Builders,House,PKR1.7 Crore,"Formanites Housing Scheme, Lahore, Punjab",5 Marla,For Sale
Bilal Estate,House,PKR1.85 Crore,"Bahria Orchard, Lahore, Punjab",5 Marla,For Sale
Lion Heart Estate,House,PKR12 Crore,"DHA Defence, Lahore, Punjab",1 Kanal,For Sale
AKHTAR PROPERTIES,House,PKR3.05 Crore,"Nasheman-e-Iqbal, Lahore, Punjab",10 Marla,For Sale
Sir Syed Estate Advisors,House,PKR1.5 Crore,"Sadaat Town, Lahore, Punjab",4 Marla,For Sale
Global Empire,House,PKR14 Crore,"DHA Defence, Lahore, Punjab",2 Kanal,For Sale
Usman Associates,House,PKR5 Crore,"Askari, Lahore, Punjab",12 Marla,For Sale
Al Raheem Real Estate,House,PKR8.35 Crore,"DHA Defence, Lahore, Punjab",1 Kanal,For Sale
HM Estate,House,PKR46 Lakh,"Hamza Town, Lahore, Punjab",2 Marla,For Sale
HM Estate,House,PKR46 Lakh,"Ferozepur Road, Lahore, Punjab",2 Marla,For Sale
HM Estate,House,PKR46 Lakh,"Kahna, Lahore, Punjab",2.5 Marla,For Sale
Estate 99,House,PKR5.9 Crore,"Wapda Town, Lahore, Punjab",1 Kanal,For Sale
Aadiyat Property Managment Company,Flat,PKR48.11 Lakh,"Bahria Town, Lahore, Punjab",1.3 Marla,For Sale
Pride Properties,House,PKR1.1 Crore,"Al-Hamd Garden, Lahore, Punjab",3 Marla,For Sale
MA Real Estate Consultant & Builders,House,PKR3.75 Crore,"DHA Defence, Lahore, Punjab",7 Marla,For Sale
Khawar Properties,House,PKR5 Crore,"Sui Gas Housing Society, Lahore, Punjab",18 Marla,For Sale
Lexis Estate,House,PKR2.05 Crore,"DHA Defence, Lahore, Punjab",5 Marla,For Sale
Digixcommerce Consultant,Flat,PKR50 Lakh,"Bahria Orchard, Lahore, Punjab",5 Marla,For Sale
Lexis Estate,House,PKR1.98 Crore,"DHA Defence, Lahore, Punjab",5 Marla,For Sale
Yaseen Associates & Builders,House,PKR1.6 Crore,"Formanites Housing Scheme, Lahore, Punjab",5 Marla,For Sale
Al Aziz Marketing Network (R),House,PKR8.5 Crore,"DHA Defence, Lahore, Punjab",1 Kanal,For Sale
Freedom Estate & Builders,House,PKR5.5 Crore,"DHA Defence, Lahore, Punjab",10 Marla,For Sale
Chohan Estate,House,PKR4 Crore,"DHA 11 Rahbar, Lahore, Punjab",10 Marla,For Sale
Al Saeed Associates,House,PKR3.65 Crore,"Askari, Lahore, Punjab",10 Marla,For Sale
Muneeb Estate,House,PKR8.25 Crore,"Wapda Town, Lahore, Punjab",1 Kanal,For Sale
Property Companions,Flat,PKR38 Lakh,"Bahria Town, Lahore, Punjab",1.2 Marla,For Sale
Arz Investments Real Estate Marketing,House,PKR2.3 Crore,"DHA Defence, Lahore, Punjab",5 Marla,For Sale
MIRHA PROPERTIES & BUILDERS,House,PKR2.7 Crore,"Johar Town, Lahore, Punjab",5 Marla,For Sale
Saeed Estate & Builders,House,PKR4.1 Crore,"Johar Town, Lahore, Punjab",12 Marla,For Sale
Al Raheem Real Estate,House,PKR6.75 Crore,"DHA Defence, Lahore, Punjab",1 Kanal,For Sale
UPN (Universal Property Network),Flat,PKR45 Lakh,"Maryam Town, Lahore, Punjab",5 Marla,For Sale
Estate Seven,House,PKR6.5 Crore,"NFC 1, Lahore, Punjab",1 Kanal,For Sale
Estate Seven,House,PKR12.5 Crore,"NFC 1, Lahore, Punjab",2 Kanal,For Sale
Estate Seven,House,PKR2.4 Crore,"Valencia Housing Society, Lahore, Punjab",8 Marla,For Sale
Estate Seven,House,PKR2.5 Crore,"Valencia Housing Society, Lahore, Punjab",7 Marla,For Sale
Lexis Estate,House,PKR1.98 Crore,"DHA Defence, Lahore, Punjab",5 Marla,For Sale
Digixcommerce Consultant,Flat,PKR48.11 Lakh,"Bahria Town, Lahore, Punjab",1.3 Marla,For Sale
Al Raheem Real Estate,House,PKR10.25 Crore,"DHA Defence, Lahore, Punjab",1 Kanal,For Sale
Digixcommerce Consultant,Flat,PKR48.11 Lakh,"Bahria Town, Lahore, Punjab",1.3 Marla,For Sale
A & M Real Estate & Builders,House,PKR2.25 Crore,"Raiwind Road, Lahore, Punjab",10 Marla,For Sale
Al Raheem Real Estate,House,PKR7.35 Crore,"DHA Defence, Lahore, Punjab",1 Kanal,For Sale
Al Raheem Real Estate,House,PKR8.75 Crore,"DHA Defence, Lahore, Punjab",1 Kanal,For Sale
Al Raheem Real Estate,House,PKR7.25 Crore,"DHA Defence, Lahore, Punjab",1 Kanal,For Sale
ESTATE LINES,House,PKR9 Crore,"DHA Defence, Lahore, Punjab",1 Kanal,For Sale
Leads Estates,House,PKR7.75 Crore,"DHA Defence, Lahore, Punjab",1 Kanal,For Sale
ZA Properties,House,PKR8.9 Crore,"DHA Defence, Lahore, Punjab",1 Kanal,For Sale
ZA Properties,House,PKR2.3 Crore,"DHA Defence, Lahore, Punjab",5 Marla,For Sale
ZA Properties,House,PKR7.25 Crore,"DHA Defence, Lahore, Punjab",10 Marla,For Sale
Bismillah Estate & Builders,House,PKR2.85 Crore,"NFC 1, Lahore, Punjab",7 Marla,For Sale
HNH Group Builders & Associates,House,PKR4.4 Crore,"Bahria Town, Lahore, Punjab",10 Marla,For Sale
Asif Associates,House,PKR3.35 Crore,"Bahria Town, Lahore, Punjab",10 Marla,For Sale
UPN (Universal Property Network),Flat,PKR45 Lakh,"Bahria Town, Lahore, Punjab",1.4 Marla,For Sale
UPN (Universal Property Network),House,PKR3.9 Crore,"Bahria Town, Lahore, Punjab",10 Marla,For Sale
Royal Enclave Developers,House,PKR1.69 Crore,"DHA Defence, Lahore, Punjab",5 Marla,For Sale
Best Residency Provider,Flat,PKR2.45 Crore,"Askari, Lahore, Punjab",11.4 Marla,For Sale
Abbas Real Estate,House,PKR1.95 Crore,"Canal Garden, Lahore, Punjab",5 Marla,For Sale
Abbas Real Estate,House,PKR1.25 Crore,"New Lahore City, Lahore, Punjab",5 Marla,For Sale
House & Plots Real Estate & Builders,House,PKR7.5 Crore,"DHA Defence, Lahore, Punjab",1 Kanal,For Sale
SM Builders & Real Estate Consultants,House,PKR2.18 Crore,"DHA Defence, Lahore, Punjab",5 Marla,For Sale
Al Raheem Real Estate,House,PKR5.85 Crore,"DHA Defence, Lahore, Punjab",1 Kanal,For Sale
Al Raheem Real Estate,House,PKR6.75 Crore,"DHA Defence, Lahore, Punjab",1 Kanal,For Sale
Lexis Estate,House,PKR2.1 Crore,"DHA Defence, Lahore, Punjab",5 Marla,For Sale
Lahore Property Point,House,PKR4.25 Crore,"Raiwind Road, Lahore, Punjab",12 Marla,For Sale
Al Raheem Real Estate,House,PKR7.25 Crore,"DHA Defence, Lahore, Punjab",1 Kanal,For Sale
Al Raheem Real Estate,House,PKR7.15 Crore,"DHA Defence, Lahore, Punjab",1 Kanal,For Sale
Lahore Property Point,House,PKR2.95 Crore,"Raiwind Road, Lahore, Punjab",7 Marla,For Sale
ZA Properties,House,PKR3.4 Crore,"Bankers Co-operative Housing Society, Lahore, Punjab",10 Marla,For Sale
ZA Properties,House,PKR9.5 Crore,"DHA Defence, Lahore, Punjab",1 Kanal,For Sale
Kirmani Marketing,House,PKR1.75 Crore,"Park View City, Lahore, Punjab",5 Marla,For Sale
ZA Properties,House,PKR4.95 Crore,"DHA Defence, Lahore, Punjab",10 Marla,For Sale
ZA Properties,House,PKR7.5 Crore,"DHA Defence, Lahore, Punjab",1 Kanal,For Sale
Rehaish Real Estate Services & Marketing,Flat,PKR38 Lakh,"Bahria Town, Lahore, Punjab",1.2 Marla,For Sale
Askari associates,House,PKR3 Crore,"Bahria Town, Lahore, Punjab",10 Marla,For Sale
Estate 99,House,PKR2.5 Crore,"Wapda Town, Lahore, Punjab",10 Marla,For Sale
Defence Way Real Estate,House,PKR8.75 Crore,"DHA Defence, Lahore, Punjab",1 Kanal,For Sale
Syed Brothers (PVT) LTD (Airport Road),House,PKR9.9 Crore,"DHA Defence, Lahore, Punjab",1 Kanal,For Sale
Syed Brothers (PVT) LTD (Airport Road),House,PKR6.25 Crore,"DHA Defence, Lahore, Punjab",1 Kanal,For Sale
Abbas Real Estate,House,PKR1.35 Crore,"New Lahore City, Lahore, Punjab",5 Marla,For Sale
Abbas Real Estate,House,PKR2.6 Crore,"New Lahore City, Lahore, Punjab",10 Marla,For Sale
ILAND,House,PKR4.1 Crore,"Bahria Town, Lahore, Punjab",10 Marla,For Sale
Abbas Real Estate,House,PKR78 Lakh,"New Lahore City, Lahore, Punjab",3 Marla,For Sale
HM Estate,House,PKR65 Lakh,"Kahna, Lahore, Punjab",5 Marla,For Sale
Al Raheem Real Estate,House,PKR8.75 Crore,"DHA Defence, Lahore, Punjab",1 Kanal,For Sale
Al Raheem Real Estate,House,PKR7.25 Crore,"DHA Defence, Lahore, Punjab",1 Kanal,For Sale
SM Builders & Real Estate Consultants,House,PKR2.18 Crore,"DHA Defence, Lahore, Punjab",5 Marla,For Sale
Al Raheem Real Estate,House,PKR5.85 Crore,"DHA Defence, Lahore, Punjab",1 Kanal,For Sale
Al Raheem Real Estate,House,PKR6.75 Crore,"DHA Defence, Lahore, Punjab",1 Kanal,For Sale
Lexis Estate,House,PKR2.1 Crore,"DHA Defence, Lahore, Punjab",5 Marla,For Sale
Lahore Property Point,House,PKR4.25 Crore,"Raiwind Road, Lahore, Punjab",12 Marla,For Sale
Al Raheem Real Estate,House,PKR7.25 Crore,"DHA Defence, Lahore, Punjab",1 Kanal,For Sale
Leads Estates,House,PKR5.97 Crore,"DHA Defence, Lahore, Punjab",1 Kanal,For Sale
Al Raza Marketing & Builders,House,PKR2.1 Crore,"Park View City, Lahore, Punjab",5 Marla,For Sale
Syed Brothers Pvt Ltd. (Ph:2 Johar Town),House,PKR4.65 Crore,"Valencia Housing Society, Lahore, Punjab",12 Marla,For Sale
Al Muqeet Estate & Builders,House,PKR7.95 Crore,"DHA Defence, Lahore, Punjab",1 Kanal,For Sale
Faseeh Estate,House,PKR2.2 Crore,"DHA Defence, Lahore, Punjab",5 Marla,For Sale
Shanzay Marketing Pvt LTD,House,PKR1.05 Crore,"Royal Residencia, Lahore, Punjab",4 Marla,For Sale
Digixcommerce Consultant,Flat,PKR50 Lakh,"Bahria Orchard, Lahore, Punjab",5 Marla,For Sale
Sargodha Estate & Builders,House,PKR1.25 Crore,"Khayaban-e-Amin, Lahore, Punjab",5 Marla,For Sale
MUZAMIL ESTATE,House,PKR2.99 Crore,"Bahria Town, Lahore, Punjab",10 Marla,For Sale
Khalifa  Real Estate,House,PKR5.25 Crore,"DHA Defence, Lahore, Punjab",10 Marla,For Sale
Syed Brothers (PVT) LTD (Airport Road),House,PKR19 Crore,"DHA Defence, Lahore, Punjab",2 Kanal,For Sale
Syed Brothers (PVT) LTD (Airport Road),House,PKR6.25 Crore,"DHA Defence, Lahore, Punjab",1 Kanal,For Sale
Abbas Real Estate,House,PKR1.25 Crore,"New Lahore City, Lahore, Punjab",5 Marla,For Sale
Abbas Real Estate,House,PKR1.65 Crore,"New Lahore City, Lahore, Punjab",7 Marla,For Sale
HM Estate,House,PKR65 Lakh,"Kahna, Lahore, Punjab",5 Marla,For Sale
House & Plots Real Estate & Builders,House,PKR8.1 Crore,"DHA Defence, Lahore, Punjab",1 Kanal,For Sale
Abbas Real Estate,House,PKR88 Lakh,"New Lahore City, Lahore, Punjab",3 Marla,For Sale
Al Raheem Real Estate,House,PKR7.15 Crore,"DHA Defence, Lahore, Punjab",1 Kanal,For Sale
Lahore Property Point,House,PKR2.95 Crore,"Raiwind Road, Lahore, Punjab",7 Marla,For Sale
Lexis Estate,House,PKR1.95 Crore,"DHA Defence, Lahore, Punjab",5 Marla,For Sale
Lahore Property Point,House,PKR2.5 Crore,"Raiwind Road, Lahore, Punjab",10 Marla,For Sale
Lexis Estate,House,PKR1.9 Crore,"DHA Defence, Lahore, Punjab",5 Marla,For Sale
Future Planners,House,PKR7.5 Crore,"DHA Defence, Lahore, Punjab",1 Kanal,For Sale
Future Planners,House,PKR8.15 Crore,"DHA Defence, Lahore, Punjab",1 Kanal,For Sale
N M Associates,House,PKR2.25 Crore,"Raiwind Road, Lahore, Punjab",5 Marla,For Sale
Syed Real Estate & Builders,House,PKR7.4 Crore,"DHA Defence, Lahore, Punjab",1 Kanal,For Sale
Al Muqeet Estate & Builders,House,PKR19 Crore,"DHA Defence, Lahore, Punjab",2 Kanal,For Sale
ECO PROPERTIES,House,PKR30 Crore,"DHA Defence, Lahore, Punjab",2 Kanal,For Sale
Leads Estates,House,PKR6.5 Crore,"DHA Defence, Lahore, Punjab",1.2 Kanal,For Sale
N M Associates,House,PKR2.7 Crore,"Raiwind Road, Lahore, Punjab",6.2 Marla,For Sale
Hasnain Estate & Builders,House,PKR1.4 Crore,"Allama Iqbal Town, Lahore, Punjab",3.8 Marla,For Sale
Khalifa  Real Estate,House,PKR3.7 Crore,"DHA Defence, Lahore, Punjab",10 Marla,For Sale
Nasir Associates & Builders,House,PKR2.1 Crore,"Punjab Coop Housing Society, Lahore, Punjab",5 Marla,For Sale
Land World Estate & Builders,House,PKR4.8 Crore,"Wapda Town, Lahore, Punjab",10 Marla,For Sale
Syed Brothers (PVT) LTD (Airport Road),House,PKR9.85 Crore,"DHA Defence, Lahore, Punjab",1 Kanal,For Sale
Pak Property Network,House,PKR1.65 Crore,"Bahria Town, Lahore, Punjab",5 Marla,For Sale
House & Plots Real Estate & Builders,House,PKR8.1 Crore,"DHA Defence, Lahore, Punjab",1 Kanal,For Sale
Abbas Real Estate,House,PKR88 Lakh,"New Lahore City, Lahore, Punjab",3 Marla,For Sale
ILAND,Flat,PKR46 Lakh,"Bahria Town, Lahore, Punjab",1.9 Marla,For Sale
ILAND,Flat,PKR65 Lakh,"Bahria Town, Lahore, Punjab",2.2 Marla,For Sale
HM Estate,House,PKR68 Lakh,"Ferozepur Road, Lahore, Punjab",4.5 Marla,For Sale
N M Associates,House,PKR2.25 Crore,"Raiwind Road, Lahore, Punjab",5 Marla,For Sale
N M Associates,House,PKR2 Crore,"DHA 11 Rahbar, Lahore, Punjab",5 Marla,For Sale
SKY LINE MARKETING,House,PKR4.3 Crore,"DHA Defence, Lahore, Punjab",10 Marla,For Sale
SKY LINE MARKETING,House,PKR8.5 Crore,"DHA Defence, Lahore, Punjab",1 Kanal,For Sale
SKY LINE MARKETING,Flat,PKR2.75 Crore,"Askari, Lahore, Punjab",10 Marla,For Sale
SM Builders & Real Estate Consultants,House,PKR6.85 Crore,"DHA Defence, Lahore, Punjab",1 Kanal,For Sale
SKY LINE MARKETING,House,PKR3.6 Crore,"DHA Defence, Lahore, Punjab",10 Marla,For Sale
Awan Real Estate & Builders,House,PKR2.05 Crore,"Canal Garden, Lahore, Punjab",10 Marla,For Sale
Zalmi Estate,Flat,PKR1.4 Crore,"DHA Defence, Lahore, Punjab",5 Marla,For Sale
Future Planners,House,PKR9.9 Crore,"DHA Defence, Lahore, Punjab",1 Kanal,For Sale
Al Wali Estate & Builders,House,PKR1.7 Crore,"Park View City, Lahore, Punjab",5 Marla,For Sale
Askari Property,House,PKR5.5 Crore,"Askari, Lahore, Punjab",10 Marla,For Sale
SKY LINE MARKETING,Flat,PKR3.05 Crore,"Askari, Lahore, Punjab",10 Marla,For Sale
AN-Naafy Estate,House,PKR6.3 Crore,"DHA Defence, Lahore, Punjab",1 Kanal,For Sale
MUZAMIL ESTATE,House,PKR2.99 Crore,"Bahria Town, Lahore, Punjab",10 Marla,For Sale
Rajput Real Estate,House,PKR85 Lakh,"Raiwind Road, Lahore, Punjab",3 Marla,For Sale
Defence Marketing Maal,House,PKR2.75 Crore,"DHA Defence, Lahore, Punjab",5 Marla,For Sale
Rajput Real Estate,House,PKR85 Lakh,"Raiwind Road, Lahore, Punjab",3 Marla,For Sale
Pak Property Network,Flat,PKR45 Lakh,"Bahria Town, Lahore, Punjab",2.3 Marla,For Sale
New Hira Estate & Builders,House,PKR5.45 Crore,"DHA Defence, Lahore, Punjab",1 Kanal,For Sale
Abbas Real Estate,House,PKR1.85 Crore,"Main Canal Bank Road, Lahore, Punjab",5 Marla,For Sale
House & Plots Real Estate & Builders,House,PKR6.4 Crore,"DHA Defence, Lahore, Punjab",1 Kanal,For Sale
HM Estate,House,PKR57 Lakh,"Hamza Town, Lahore, Punjab",3 Marla,For Sale
SKY LINE MARKETING,House,PKR4.7 Crore,"DHA Defence, Lahore, Punjab",10 Marla,For Sale
SKY LINE MARKETING,House,PKR5.6 Crore,"DHA Defence, Lahore, Punjab",1 Kanal,For Sale
Power Holding Associates,House,PKR3.2 Crore,"Bahria Town, Lahore, Punjab",10 Marla,For Sale
Power Holding Associates,House,PKR2.95 Crore,"Bahria Town, Lahore, Punjab",10 Marla,For Sale
Power Holding Associates,House,PKR5.5 Crore,"Bahria Town, Lahore, Punjab",1 Kanal,For Sale
Power Holding Associates,House,PKR6 Crore,"Bahria Town, Lahore, Punjab",1 Kanal,For Sale
Power Holding Associates,House,PKR29 Crore,"Bahria Town, Lahore, Punjab",4 Kanal,For Sale
Power Holding Associates,House,PKR3 Crore,"Bahria Town, Lahore, Punjab",10 Marla,For Sale
SKY LINE MARKETING,House,PKR2.6 Crore,"DHA Defence, Lahore, Punjab",5 Marla,For Sale
SKY LINE MARKETING,House,PKR5.85 Crore,"DHA Defence, Lahore, Punjab",10 Marla,For Sale
Future Planners,House,PKR10.5 Crore,"DHA Defence, Lahore, Punjab",2 Kanal,For Sale
Syed Real Estate & Builders,House,PKR4.7 Crore,"DHA Defence, Lahore, Punjab",10 Marla,For Sale
Syed Real Estate & Builders,House,PKR4.8 Crore,"DHA Defence, Lahore, Punjab",10 Marla,For Sale
Al Hadi Associates,House,PKR2.5 Crore,"Central Park Housing Scheme, Lahore, Punjab",10 Marla,For Sale
MIRHA PROPERTIES & BUILDERS,House,PKR2.95 Crore,"Johar Town, Lahore, Punjab",5 Marla,For Sale
AZ Estates,Flat,PKR3.15 Crore,"Askari, Lahore, Punjab",12 Marla,For Sale
Askari associates,House,PKR4.3 Crore,"Bahria Town, Lahore, Punjab",10 Marla,For Sale
Kirmani Marketing,House,PKR3 Crore,"Eden, Lahore, Punjab",14 Marla,For Sale
UPN (Universal Property Network),House,PKR1.65 Crore,"Bahria Town, Lahore, Punjab",5 Marla,For Sale
HM Estate,House,PKR65 Lakh,"Hamza Town, Lahore, Punjab",4.5 Marla,For Sale
HM Estate,House,PKR65 Lakh,"Ferozepur Road, Lahore, Punjab",4 Marla,For Sale
Power Holding Associates,House,PKR29 Crore,"Bahria Town, Lahore, Punjab",4 Kanal,For Sale
Power Holding Associates,House,PKR3 Crore,"Bahria Town, Lahore, Punjab",10 Marla,For Sale
Power Holding Associates,House,PKR3.25 Crore,"Bahria Town, Lahore, Punjab",10 Marla,For Sale
Power Holding Associates,House,PKR5.9 Crore,"Bahria Town, Lahore, Punjab",1 Kanal,For Sale
Power Holding Associates,House,PKR3.25 Crore,"Bahria Town, Lahore, Punjab",10 Marla,For Sale
Power Holding Associates,House,PKR15 Crore,"Bahria Town, Lahore, Punjab",2 Kanal,For Sale
SM Builders & Real Estate Consultants,House,PKR7.5 Crore,"DHA Defence, Lahore, Punjab",1 Kanal,For Sale
SM Builders & Real Estate Consultants,House,PKR7.35 Crore,"DHA Defence, Lahore, Punjab",1 Kanal,For Sale
Syed Real Estate & Builders,House,PKR4.8 Crore,"DHA Defence, Lahore, Punjab",10 Marla,For Sale
The Land Services,House,PKR11 Crore,"Wapda Town, Lahore, Punjab",1.6 Kanal,For Sale
Future Planners,House,PKR9.9 Crore,"DHA Defence, Lahore, Punjab",1 Kanal,For Sale
Leads Estates,House,PKR6.34 Crore,"DHA Defence, Lahore, Punjab",1 Kanal,For Sale
Leads Estates,House,PKR5.95 Crore,"DHA Defence, Lahore, Punjab",1.1 Kanal,For Sale
Nasir Associates & Builders,House,PKR4.7 Crore,"Punjab Coop Housing Society, Lahore, Punjab",1 Kanal,For Sale
Nasir Associates & Builders,House,PKR4.85 Crore,"Punjab Coop Housing Society, Lahore, Punjab",1 Kanal,For Sale
Nasir Associates & Builders,House,PKR1.9 Crore,"Punjab Coop Housing Society, Lahore, Punjab",5 Marla,For Sale
Pehalwan Brothers Real Estate,House,PKR1.05 Crore,"GT Road, Lahore, Punjab",5 Marla,For Sale
92 Marketing,House,PKR2.25 Crore,"Jubilee Town, Lahore, Punjab",7 Marla,For Sale
UPN (Universal Property Network),Flat,PKR22.5 Lakh,"Bahria Town, Lahore, Punjab",1.8 Marla,For Sale
UPN (Universal Property Network),House,PKR1.55 Crore,"Bahria Town, Lahore, Punjab",6.1 Marla,For Sale
HT Real Estate And Builders,House,PKR7.1 Crore,"Askari, Lahore, Punjab",1 Kanal,For Sale
HM Estate,House,PKR65 Lakh,"Ferozepur Road, Lahore, Punjab",3 Marla,For Sale
SKY LINE MARKETING,House,PKR4.7 Crore,"DHA Defence, Lahore, Punjab",10 Marla,For Sale
SKY LINE MARKETING,House,PKR5.6 Crore,"DHA Defence, Lahore, Punjab",1 Kanal,For Sale
Power Holding Associates,House,PKR3.2 Crore,"Bahria Town, Lahore, Punjab",10 Marla,For Sale
Power Holding Associates,House,PKR2.95 Crore,"Bahria Town, Lahore, Punjab",10 Marla,For Sale
Power Holding Associates,House,PKR5.5 Crore,"Bahria Town, Lahore, Punjab",1 Kanal,For Sale
Power Holding Associates,House,PKR6 Crore,"Bahria Town, Lahore, Punjab",1 Kanal,For Sale
Power Holding Associates,House,PKR29 Crore,"Bahria Town, Lahore, Punjab",4 Kanal,For Sale
Power Holding Associates,House,PKR3 Crore,"Bahria Town, Lahore, Punjab",10 Marla,For Sale
Leads Estates,House,PKR7.3 Crore,"DHA Defence, Lahore, Punjab",1.5 Kanal,For Sale
Saleem Associates & Builders,House,PKR1.5 Crore,"Khayaban-e-Amin, Lahore, Punjab",5 Marla,For Sale
Syed Real Estate & Builders,House,PKR4.7 Crore,"DHA Defence, Lahore, Punjab",10 Marla,For Sale
Royal Properties Real Estate & Builders,House,PKR2.5 Crore,"Bahria Orchard, Lahore, Punjab",8 Marla,For Sale
Kirmani Marketing,House,PKR1.65 Crore,"Park View City, Lahore, Punjab",5 Marla,For Sale
UPN (Universal Property Network),Flat,PKR40 Lakh,"Bahria Orchard, Lahore, Punjab",5 Marla,For Sale
UPN (Universal Property Network),House,PKR59.9 Lakh,"Bahria Orchard, Lahore, Punjab",5 Marla,For Sale
Al Mashhadi Associates,House,PKR1 Crore,"New Lahore City, Lahore, Punjab",5 Marla,For Sale
HM Estate,House,PKR65 Lakh,"Kahna, Lahore, Punjab",4.5 Marla,For Sale
Marwa Marketing,Flat,PKR38 Lakh,"Bahria Town, Lahore, Punjab",1.2 Marla,For Sale
ILAND,Flat,PKR60 Lakh,"Bahria Town, Lahore, Punjab",2.3 Marla,For Sale
Power Holding Associates,House,PKR3.25 Crore,"Bahria Town, Lahore, Punjab",10 Marla,For Sale
Power Holding Associates,House,PKR5.9 Crore,"Bahria Town, Lahore, Punjab",1 Kanal,For Sale
Power Holding Associates,House,PKR3.25 Crore,"Bahria Town, Lahore, Punjab",10 Marla,For Sale
Power Holding Associates,House,PKR15 Crore,"Bahria Town, Lahore, Punjab",2 Kanal,For Sale
SM Builders & Real Estate Consultants,House,PKR7.5 Crore,"DHA Defence, Lahore, Punjab",1 Kanal,For Sale
SM Builders & Real Estate Consultants,House,PKR7.35 Crore,"DHA Defence, Lahore, Punjab",1 Kanal,For Sale
Awan Real Estate & Builders,House,PKR7 Crore,"Canal Garden, Lahore, Punjab",1 Kanal,For Sale
Power Holding Associates,House,PKR2.55 Crore,"Bahria Town, Lahore, Punjab",8 Marla,For Sale
Saleem Associates & Builders,House,PKR1.5 Crore,"Khayaban-e-Amin, Lahore, Punjab",5 Marla,For Sale
Leads Estates,House,PKR5.95 Crore,"DHA Defence, Lahore, Punjab",1 Kanal,For Sale
Leads Estates,House,PKR13.75 Crore,"DHA Defence, Lahore, Punjab",2 Kanal,For Sale
Sahi Real Estate & Developer,Flat,PKR1.4 Crore,"DHA Defence, Lahore, Punjab",4.5 Marla,For Sale
Leads Estates,House,PKR6.35 Crore,"DHA Defence, Lahore, Punjab",1 Kanal,For Sale
Estate Options Real Estate & Builders,House,PKR6.05 Crore,"DHA Defence, Lahore, Punjab",1 Kanal,For Sale
Mughal Real Estate,House,PKR2 Crore,"Shahtaj Colony, Lahore, Punjab",6.2 Marla,For Sale
Waheed Estate,House,PKR1.77 Crore,"Bahria Town, Lahore, Punjab",5 Marla,For Sale
Mian Jee Real Estate & Builders,House,PKR6.35 Crore,"DHA Defence, Lahore, Punjab",1 Kanal,For Sale
UPN (Universal Property Network),House,PKR69.9 Lakh,"Bahria Orchard, Lahore, Punjab",5 Marla,For Sale
Bin Saleh Real Estate & Construction Services,House,PKR3.65 Crore,"Raiwind Road, Lahore, Punjab",10 Marla,For Sale
Marwa Marketing,House,PKR3.5 Crore,"Bahria Town, Lahore, Punjab",10 Marla,For Sale
ILAND,Flat,PKR45 Lakh,"Bahria Town, Lahore, Punjab",2.3 Marla,For Sale
HT Real Estate And Builders,House,PKR4.25 Crore,"Askari, Lahore, Punjab",10 Marla,For Sale
ATTA ESTATE AND BUILDERS,House,PKR3.25 Crore,"Bahria Town, Lahore, Punjab",10 Marla,For Sale
ATTA ESTATE AND BUILDERS,House,PKR3.75 Crore,"Bahria Town, Lahore, Punjab",10 Marla,For Sale
SM Builders & Real Estate Consultants,House,PKR7.5 Crore,"DHA Defence, Lahore, Punjab",1 Kanal,For Sale
SM Builders & Real Estate Consultants,House,PKR7.35 Crore,"DHA Defence, Lahore, Punjab",1 Kanal,For Sale
Awan Real Estate & Builders,House,PKR7 Crore,"Canal Garden, Lahore, Punjab",1 Kanal,For Sale
Power Holding Associates,House,PKR2.55 Crore,"Bahria Town, Lahore, Punjab",8 Marla,For Sale
Landnest Real Estate & Builders,House,PKR3.8 Crore,"Bahria Town, Lahore, Punjab",10 Marla,For Sale
Power Holding Associates,House,PKR1.85 Crore,"Bahria Town, Lahore, Punjab",5 Marla,For Sale
Power Holding Associates,House,PKR1.6 Crore,"Bahria Town, Lahore, Punjab",5 Marla,For Sale
Power Holding Associates,House,PKR1.65 Crore,"Bahria Town, Lahore, Punjab",5 Marla,For Sale
Sahi Real Estate & Developer,House,PKR5.5 Crore,"Garden Town, Lahore, Punjab",1 Kanal,For Sale
Sahi Real Estate & Developer,House,PKR9 Crore,"Gulberg, Lahore, Punjab",1 Kanal,For Sale
Askari Property,House,PKR24 Crore,"Model Town, Lahore, Punjab",3 Kanal,For Sale
Leads Estates,House,PKR6.15 Crore,"DHA Defence, Lahore, Punjab",1.2 Kanal,For Sale
Syed Brothers Pvt Ltd. (Ph:2 Johar Town),House,PKR7.25 Crore,"Wapda Town, Lahore, Punjab",1 Kanal,For Sale
Al Hafeez Real Estate,House,PKR6 Crore,"NFC 1, Lahore, Punjab",1 Kanal,For Sale
AL madina Property Construction & Consultant,House,PKR2.9 Crore,"Johar Town, Lahore, Punjab",8 Marla,For Sale
Khan Linkers Estate,House,PKR3.35 Crore,"DHA 11 Rahbar, Lahore, Punjab",8 Marla,For Sale
Value Property,House,PKR1.95 Crore,"DHA 11 Rahbar, Lahore, Punjab",5 Marla,For Sale
Pakistan Real Estate,House,PKR2.35 Crore,"DHA Defence, Lahore, Punjab",5 Marla,For Sale
Khalifa Real Estate,House,PKR2.3 Crore,"DHA Defence, Lahore, Punjab",5 Marla,For Sale
Harmain Real Estate & Builders,Flat,PKR2.5 Crore,"DHA Defence, Lahore, Punjab",6.2 Marla,For Sale
Reality Estate,Farm House,PKR1.25 Crore,"Cantt, Lahore, Punjab",2.1 Kanal,For Sale
MH Marketing & Associate,House,PKR2.75 Crore,"Bahria Orchard, Lahore, Punjab",10 Marla,For Sale
SB Real Estate,House,PKR2 Crore,"DHA 11 Rahbar, Lahore, Punjab",5 Marla,For Sale
Prism Estate  Builders,House,PKR3.6 Crore,"Bahria Town, Lahore, Punjab",10 Marla,For Sale
Power Holding Associates,House,PKR4.5 Crore,"Bahria Town, Lahore, Punjab",13 Marla,For Sale
Power Holding Associates,House,PKR3.5 Crore,"Bahria Town, Lahore, Punjab",10 Marla,For Sale
Power Holding Associates,House,PKR1.65 Crore,"Bahria Town, Lahore, Punjab",6 Marla,For Sale
Power Holding Associates,House,PKR3.6 Crore,"Bahria Town, Lahore, Punjab",10 Marla,For Sale
Power Holding Associates,House,PKR3.5 Crore,"Bahria Town, Lahore, Punjab",10 Marla,For Sale
Power Holding Associates,House,PKR3.5 Crore,"Bahria Town, Lahore, Punjab",12 Marla,For Sale
Awan Real Estate & Builders,House,PKR3.5 Crore,"Canal Garden, Lahore, Punjab",15 Marla,For Sale
Awan Real Estate & Builders,House,PKR1.6 Crore,"Canal Garden, Lahore, Punjab",5 Marla,For Sale
Leads Estates,House,PKR6.14 Crore,"DHA Defence, Lahore, Punjab",1 Kanal,For Sale
Syed Brothers Pvt Ltd. (Ph:2 Johar Town),House,PKR12.5 Crore,"Valencia Housing Society, Lahore, Punjab",2 Kanal,For Sale
M-Links Real Estate,House,PKR2.6 Crore,"DHA 11 Rahbar, Lahore, Punjab",8 Marla,For Sale
Zalmi Estate,House,PKR8.25 Crore,"DHA Defence, Lahore, Punjab",1 Kanal,For Sale
Al Muqeet Estate & Builders,House,PKR35 Crore,"DHA Defence, Lahore, Punjab",2 Kanal,For Sale
Arcon Properties,House,PKR5 Crore,"DHA Defence, Lahore, Punjab",10 Marla,For Sale
Saad Real Estate & Builders,House,PKR2.1 Crore,"Central Park Housing Scheme, Lahore, Punjab",10 Marla,For Sale
Riasat Estate,House,PKR17 Crore,"DHA Defence, Lahore, Punjab",2 Kanal,For Sale
Al Rehman Real Estate,House,PKR5.25 Crore,"Samanabad, Lahore, Punjab",12.5 Marla,For Sale
MOJ ESTATES,House,PKR8.5 Crore,"DHA Defence, Lahore, Punjab",1 Kanal,For Sale
Syed Brothers PVT LTD (Ph: 2 DHA),House,PKR5.5 Crore,"DHA Defence, Lahore, Punjab",10 Marla,For Sale
SB Real Estate,House,PKR1.15 Crore,"Naz Town, Lahore, Punjab",5 Marla,For Sale
Best Residency Provider,House,PKR9.5 Crore,"Gulberg, Lahore, Punjab",1 Kanal,For Sale
Marks Property Management,Farm House,PKR9 Crore,"Raiwind Road, Lahore, Punjab",9.5 Kanal,For Sale
Al- Latif Real Estate,House,PKR2.38 Crore,"DHA Defence, Lahore, Punjab",5 Marla,For Sale
Al- Latif Real Estate,House,PKR85 Lakh,"Formanites Housing Scheme, Lahore, Punjab",3 Marla,For Sale
Awan Real Estate & Builders,House,PKR1.9 Crore,"Canal Garden, Lahore, Punjab",5 Marla,For Sale
SM Builders & Real Estate Consultants,House,PKR2.15 Crore,"DHA Defence, Lahore, Punjab",5 Marla,For Sale
Power Holding Associates,House,PKR4.4 Crore,"Bahria Town, Lahore, Punjab",10 Marla,For Sale
Power Holding Associates,House,PKR13.75 Crore,"Bahria Town, Lahore, Punjab",2.3 Kanal,For Sale
Power Holding Associates,Flat,PKR90 Lakh,"Bahria Town, Lahore, Punjab",3.4 Marla,For Sale
Power Holding Associates,Flat,PKR48 Lakh,"Bahria Town, Lahore, Punjab",2 Marla,For Sale
Power Holding Associates,House,PKR2.75 Crore,"Bahria Town, Lahore, Punjab",10 Marla,For Sale
Power Holding Associates,House,PKR12.5 Crore,"Bahria Town, Lahore, Punjab",2.4 Kanal,For Sale
Pak Land Estate And Developers,House,PKR1.5 Crore,"Revenue Society, Lahore, Punjab",5 Marla,For Sale
Property  Investment Point,House,PKR97 Lakh,"GT Road, Lahore, Punjab",5 Marla,For Sale
Athar Associates,House,PKR3.45 Crore,"Bahria Town, Lahore, Punjab",10 Marla,For Sale
Sial Estate,House,PKR4.7 Crore,"DHA Defence, Lahore, Punjab",1 Kanal,For Sale
Syed Brothers (PVT) LTD (Airport Road),House,PKR10.65 Crore,"DHA Defence, Lahore, Punjab",1 Kanal,For Sale
Tauheed Properties,House,PKR3.9 Crore,"Bahria Town, Lahore, Punjab",10 Marla,For Sale
Subhan Sons Real Estate,House,PKR13.5 Crore,"DHA Defence, Lahore, Punjab",1 Kanal,For Sale
Pakistan Commercial Estate,House,PKR62 Lakh,"Marghzar Officers Colony, Lahore, Punjab",2.5 Marla,For Sale
Great Deal Associates,House,PKR6.5 Crore,"DHA 11 Rahbar, Lahore, Punjab",1 Kanal,For Sale
Green Line Property Real Estate Advisor,House,PKR2.75 Crore,"DHA 11 Rahbar, Lahore, Punjab",8 Marla,For Sale
Syed Brothers PVT LTD (Ph: 2 DHA),House,PKR25 Crore,"DHA Defence, Lahore, Punjab",2 Kanal,For Sale
New Hira Estate & Builders,House,PKR6.85 Crore,"DHA Defence, Lahore, Punjab",10 Marla,For Sale
Al- Latif Real Estate,Flat,PKR2.75 Crore,"Askari, Lahore, Punjab",10 Marla,For Sale
Estate Avenue,House,PKR7.5 Crore,"Model Town, Lahore, Punjab",1.5 Kanal,For Sale
Prism Estate  Builders,Flat,PKR35 Lakh,"Bahria Orchard, Lahore, Punjab",2.4 Marla,For Sale
Hamza Estate & Builders,House,PKR8.35 Crore,"DHA Defence, Lahore, Punjab",1 Kanal,For Sale
Marks Property Management,House,PKR2.65 Crore,"DHA Defence, Lahore, Punjab",5 Marla,For Sale
Power Holding Associates,House,PKR14 Crore,"Bahria Town, Lahore, Punjab",2 Kanal,For Sale
Power Holding Associates,House,PKR5.8 Crore,"Bahria Town, Lahore, Punjab",1 Kanal,For Sale
Landnest Real Estate & Builders,House,PKR2 Crore,"Bahria Town, Lahore, Punjab",5 Marla,For Sale
Sial Estate,House,PKR5.25 Crore,"DHA Defence, Lahore, Punjab",1 Kanal,For Sale
Awan Real Estate & Builders,House,PKR1.8 Crore,"Canal Garden, Lahore, Punjab",5 Marla,For Sale
Military Estate,Flat,PKR1.35 Crore,"DHA Defence, Lahore, Punjab",4.7 Marla,For Sale
Al Muqeet Estate & Builders,House,PKR5.9 Crore,"State Life Housing Society, Lahore, Punjab",1 Kanal,For Sale
Sial Estate,House,PKR4.5 Crore,"DHA Defence, Lahore, Punjab",10 Marla,For Sale
3 Star Agency,House,PKR3.2 Crore,"Main Canal Bank Road, Lahore, Punjab",10 Marla,For Sale
Al Samad Real Estate & Builders,House,PKR70 Lakh,"Baghbanpura, Lahore, Punjab",3.5 Marla,For Sale
Jillani Estate,House,PKR2.5 Crore,"Shalimar Housing Scheme, Lahore, Punjab",7 Marla,For Sale
Crescent Estate & Builders,House,PKR10.5 Crore,"DHA Defence, Lahore, Punjab",1 Kanal,For Sale
Nasir Associates & Builders,House,PKR4.75 Crore,"Punjab Coop Housing Society, Lahore, Punjab",10 Marla,For Sale
Syed Brothers PVT LTD (Ph: 2 DHA),House,PKR16.5 Crore,"DHA Defence, Lahore, Punjab",2 Kanal,For Sale
Syed Brothers PVT LTD (Ph: 2 DHA),House,PKR17.5 Crore,"DHA Defence, Lahore, Punjab",2 Kanal,For Sale
Marks Property Management,Farm House,PKR9 Crore,"Bedian Road, Lahore, Punjab",7.5 Kanal,For Sale
Tariq Associates,House,PKR1.05 Crore,"Pak Arab Housing Society, Lahore, Punjab",5 Marla,For Sale
Mian Ahmed Estate & Builders,House,PKR2.75 Crore,"LDA Road, Lahore, Punjab",10 Marla,For Sale
Narowal Estate,House,PKR1 Crore,"Lahore Motorway City, Lahore, Punjab",5 Marla,For Sale
Narowal Estate,House,PKR90 Lakh,"Lahore Motorway City, Lahore, Punjab",10 Marla,For Sale
Lexis Estate,House,PKR3.4 Crore,"DHA Defence, Lahore, Punjab",10 Marla,For Sale
Land Holders Real Estate,Flat,PKR52 Lakh,"Bahria Town, Lahore, Punjab",2.2 Marla,For Sale
Land Holders Real Estate,Flat,PKR95 Lakh,"Bahria Town, Lahore, Punjab",3.4 Marla,For Sale
Land Holders Real Estate,Flat,PKR57 Lakh,"Bahria Town, Lahore, Punjab",2.4 Marla,For Sale
Land Holders Real Estate,Flat,PKR55 Lakh,"Bahria Town, Lahore, Punjab",2.3 Marla,For Sale
Land Holders Real Estate,Flat,PKR1.15 Crore,"Bahria Town, Lahore, Punjab",3.8 Marla,For Sale
Unity Estates,House,PKR9 Crore,"DHA Defence, Lahore, Punjab",1 Kanal,For Sale
Click Estate,House,PKR2 Crore,"Shah Khawar Town, Lahore, Punjab",6 Marla,For Sale
Property  Investment Point,Flat,PKR22.5 Lakh,"Bahria Town, Lahore, Punjab",1.4 Marla,For Sale
Hamza Marketing Real Estate & Builders,House,PKR2.1 Crore,"Izmir Town, Lahore, Punjab",5 Marla,For Sale
Syed Real Estate & Builders,House,PKR3.65 Crore,"DHA Defence, Lahore, Punjab",7 Marla,For Sale
Property Investors,House,PKR7.25 Crore,"DHA Defence, Lahore, Punjab",1 Kanal,For Sale
Zafar Estate,House,PKR3.5 Crore,"Valencia Housing Society, Lahore, Punjab",16 Marla,For Sale
Masha Allah Property Centre,House,PKR1.8 Crore,"Lahore Villas, Lahore, Punjab",5 Marla,For Sale
Estate Options Real Estate & Builders,House,PKR6.1 Crore,"DHA Defence, Lahore, Punjab",1 Kanal,For Sale
Arazi Real Estate,House,PKR4.15 Crore,"Askari, Lahore, Punjab",10 Marla,For Sale
Syed Brothers (PVT) LTD (Airport Road),House,PKR8.3 Crore,"DHA Defence, Lahore, Punjab",1 Kanal,For Sale
Narowal Estate,House,PKR88 Lakh,"Lahore Motorway City, Lahore, Punjab",5 Marla,For Sale
Well Wisher Estate,House,PKR2.34 Crore,"DHA Defence, Lahore, Punjab",5 Marla,For Sale
Estate Experts Lahore,House,PKR5 Crore,"DHA Defence, Lahore, Punjab",10 Marla,For Sale
Al-Hasnain Marketing Real Estate And Builders,House,PKR2.35 Crore,"DHA Defence, Lahore, Punjab",5 Marla,For Sale
Paragon Club Real Estate,House,PKR2.45 Crore,"Paragon City, Lahore, Punjab",5 Marla,For Sale
Land Holders Real Estate,Flat,PKR1.15 Crore,"Bahria Town, Lahore, Punjab",3.8 Marla,For Sale
Land Holders Real Estate,Flat,PKR65 Lakh,"Bahria Town, Lahore, Punjab",2.2 Marla,For Sale
Land Holders Real Estate,Flat,PKR60 Lakh,"Bahria Town, Lahore, Punjab",2 Marla,For Sale
Land Holders Real Estate,Flat,PKR58 Lakh,"Bahria Town, Lahore, Punjab",2.2 Marla,For Sale
Land Holders Real Estate,Flat,PKR90 Lakh,"Bahria Town, Lahore, Punjab",3.1 Marla,For Sale
Land Holders Real Estate,Flat,PKR90 Lakh,"Bahria Town, Lahore, Punjab",3.1 Marla,For Sale
Lexis Estate,House,PKR3.45 Crore,"DHA Defence, Lahore, Punjab",8 Marla,For Sale
Kashmir Developers Property Management,House,PKR4.25 Crore,"Bahria Town, Lahore, Punjab",10 Marla,For Sale
Syed Brothers Pvt Ltd. (Ph:2 Johar Town),House,PKR6.15 Crore,"NFC 1, Lahore, Punjab",1 Kanal,For Sale
Syed Real Estate & Builders,House,PKR11 Crore,"DHA Defence, Lahore, Punjab",2 Kanal,For Sale
MAYMAR REAL ESTATE,House,PKR5.25 Crore,"DHA Defence, Lahore, Punjab",1 Kanal,For Sale
Jinnah Associates,House,PKR8.2 Crore,"Wapda Town, Lahore, Punjab",1 Kanal,For Sale
Bin Saleh Real Estate & Construction Services,House,PKR4.25 Crore,"Raiwind Road, Lahore, Punjab",14 Marla,For Sale
Al Hafeez Real Estate,House,PKR2.95 Crore,"Wapda Town, Lahore, Punjab",10 Marla,For Sale
Al Rehman Estate & Builders,House,PKR4.5 Crore,"Wapda Town, Lahore, Punjab",1 Kanal,For Sale
A. K Marketing & Builder's,House,PKR6.7 Crore,"Bahria Town, Lahore, Punjab",1 Kanal,For Sale
Syed Brothers (PVT) LTD (Airport Road),House,PKR9.35 Crore,"DHA Defence, Lahore, Punjab",1 Kanal,For Sale
Syed Brothers (PVT) LTD (Airport Road),House,PKR7.95 Crore,"DHA Defence, Lahore, Punjab",1 Kanal,For Sale
Paragon Club Real Estate,House,PKR2.35 Crore,"Paragon City, Lahore, Punjab",5 Marla,For Sale
Paragon Club Real Estate,House,PKR2.5 Crore,"Paragon City, Lahore, Punjab",5 Marla,For Sale
Paragon Club Real Estate,House,PKR2.25 Crore,"Paragon City, Lahore, Punjab",5 Marla,For Sale
Paragon Club Real Estate,House,PKR3.6 Crore,"Paragon City, Lahore, Punjab",10 Marla,For Sale
Paragon Club Real Estate,House,PKR25 Crore,"DHA Defence, Lahore, Punjab",4 Kanal,For Sale
Kashmir Developers Property Management,House,PKR4.25 Crore,"Bahria Town, Lahore, Punjab",10 Marla,For Sale
Al Raheem Real Estate,House,PKR10.5 Crore,"DHA Defence, Lahore, Punjab",1 Kanal,For Sale
Al Raheem Real Estate,House,PKR7.75 Crore,"DHA Defence, Lahore, Punjab",1 Kanal,For Sale
Al Raheem Real Estate,House,PKR10 Crore,"DHA Defence, Lahore, Punjab",1 Kanal,For Sale
Al Raheem Real Estate,House,PKR7.5 Crore,"DHA Defence, Lahore, Punjab",1 Kanal,For Sale
Al Raheem Real Estate,House,PKR8 Crore,"DHA Defence, Lahore, Punjab",1 Kanal,For Sale
Al Raheem Real Estate,House,PKR9.5 Crore,"DHA Defence, Lahore, Punjab",1 Kanal,For Sale
Maliks Estate  Builders,House,PKR2.2 Crore,"Bahria Town, Lahore, Punjab",5 Marla,For Sale
Chohan Estate,House,PKR5.85 Crore,"DHA Defence, Lahore, Punjab",1 Kanal,For Sale
Chohan Estate,House,PKR8.7 Crore,"DHA Defence, Lahore, Punjab",1 Kanal,For Sale
Chohan Estate,House,PKR7.25 Crore,"DHA Defence, Lahore, Punjab",1 Kanal,For Sale
Chohan Estate,House,PKR17 Crore,"Model Town, Lahore, Punjab",1.6 Kanal,For Sale
Saleem Associates & Builders,House,PKR2.8 Crore,"Khayaban-e-Amin, Lahore, Punjab",10 Marla,For Sale
IMAGE ASSOCIATES,House,PKR3.65 Crore,"Askari, Lahore, Punjab",10 Marla,For Sale
Insaf Estate & Builders,House,PKR2.45 Crore,"Punjab Coop Housing Society, Lahore, Punjab",5 Marla,For Sale
Insaf Estate & Builders,House,PKR4.4 Crore,"Punjab Coop Housing Society, Lahore, Punjab",10 Marla,For Sale
Al Razziq Real Estate  Builders,House,PKR92 Lakh,"Rehan Garden, Lahore, Punjab",5 Marla,For Sale
Syed Brothers (PVT) LTD (Airport Road),House,PKR17.5 Crore,"DHA Defence, Lahore, Punjab",2 Kanal,For Sale
Syed Brothers (PVT) LTD (Airport Road),House,PKR9.5 Crore,"DHA Defence, Lahore, Punjab",1 Kanal,For Sale
Paragon Club Real Estate,House,PKR10 Crore,"Mozang, Lahore, Punjab",6 Marla,For Sale
Paragon Club Real Estate,House,PKR25 Crore,"DHA Defence, Lahore, Punjab",2 Kanal,For Sale
Bin Noor Associates & Builders,House,PKR1.7 Crore,"Jubilee Town, Lahore, Punjab",5 Marla,For Sale
Bin Noor Associates & Builders,House,PKR1.65 Crore,"Jubilee Town, Lahore, Punjab",5 Marla,For Sale
Abbas Real Estate,House,PKR2.9 Crore,"Canal Garden, Lahore, Punjab",12 Marla,For Sale
Lexis Estate,House,PKR2.6 Crore,"DHA Defence, Lahore, Punjab",5 Marla,For Sale
Maliks Estate  Builders,House,PKR2.2 Crore,"Bahria Town, Lahore, Punjab",5 Marla,For Sale
Maliks Estate  Builders,House,PKR6.15 Crore,"HBFC Housing Society, Lahore, Punjab",18 Marla,For Sale
Crescent Estate & Builders,House,PKR5 Crore,"DHA Defence, Lahore, Punjab",10 Marla,For Sale
Al Raheem Real Estate,House,PKR10 Crore,"DHA Defence, Lahore, Punjab",1 Kanal,For Sale
Crescent Estate & Builders,House,PKR5.45 Crore,"DHA Defence, Lahore, Punjab",10 Marla,For Sale
Lexis Estate,House,PKR1.9 Crore,"DHA Defence, Lahore, Punjab",5 Marla,For Sale
Maliks Estate  Builders,House,PKR6.15 Crore,"HBFC Housing Society, Lahore, Punjab",18 Marla,For Sale
Ali Umer Associates,Penthouse,PKR4.2 Crore,"Askari, Lahore, Punjab",18.7 Marla,For Sale
Believers Real Estate,House,PKR6.74 Crore,"DHA Defence, Lahore, Punjab",1 Kanal,For Sale
Believers Real Estate,House,PKR6.75 Crore,"DHA Defence, Lahore, Punjab",1 Kanal,For Sale
Believers Real Estate,House,PKR5.75 Crore,"DHA Defence, Lahore, Punjab",1 Kanal,For Sale
Madina Estate Advisor & Builders,House,PKR2.45 Crore,"Military Accounts Housing Society, Lahore, Punjab",8 Marla,For Sale
Azam Real Estate,House,PKR5.45 Crore,"DHA Defence, Lahore, Punjab",10 Marla,For Sale
Chinioti Estate Builders,House,PKR6.1 Crore,"DHA Defence, Lahore, Punjab",1 Kanal,For Sale
Estate 99,House,PKR2.25 Crore,"Wapda Town, Lahore, Punjab",5 Marla,For Sale
AKHTAR PROPERTIES,House,PKR5.75 Crore,"UET Housing Society, Lahore, Punjab",1 Kanal,For Sale
Syed Brothers (PVT) LTD (Airport Road),House,PKR7.5 Crore,"DHA Defence, Lahore, Punjab",1 Kanal,For Sale
Arazi Real Estate,Flat,PKR2.3 Crore,"Askari, Lahore, Punjab",10 Marla,For Sale
Shaheen Engineering Consultants,House,PKR1.7 Crore,"Johar Town, Lahore, Punjab",5 Marla,For Sale
Al Fatima Properties,House,PKR8.25 Crore,"DHA Defence, Lahore, Punjab",1 Kanal,For Sale
Al Fatima Properties,House,PKR10.5 Crore,"DHA Defence, Lahore, Punjab",1 Kanal,For Sale
Shaheen Engineering Consultants,House,PKR7.5 Crore,"DHA Defence, Lahore, Punjab",1 Kanal,For Sale
Panjtan Estate,House,PKR9.9 Crore,"DHA Defence, Lahore, Punjab",1 Kanal,For Sale
Maliks Estate  Builders,House,PKR6.15 Crore,"HBFC Housing Society, Lahore, Punjab",18 Marla,For Sale
Maliks Estate  Builders,House,PKR6.15 Crore,"HBFC Housing Society, Lahore, Punjab",18 Marla,For Sale
Richmoor Real Estate,House,PKR2.35 Crore,"DHA Defence, Lahore, Punjab",5 Marla,For Sale
Richmoor Real Estate,House,PKR1.85 Crore,"DHA Defence, Lahore, Punjab",5 Marla,For Sale
Earth Links Real Estate Consultants,House,PKR2.25 Crore,"Bahria Town, Lahore, Punjab",8 Marla,For Sale
Syed Brothers (PVT) LTD (Airport Road),House,PKR7.5 Crore,"DHA Defence, Lahore, Punjab",1 Kanal,For Sale
Syed Brothers (PVT) LTD (Airport Road),House,PKR8 Crore,"DHA Defence, Lahore, Punjab",1.1 Kanal,For Sale
Syed Brothers (PVT) LTD (Airport Road),House,PKR7.85 Crore,"DHA Defence, Lahore, Punjab",1 Kanal,For Sale
M-Links Real Estate,House,PKR1.9 Crore,"Bahria Town, Lahore, Punjab",5 Marla,For Sale
Al Raza Marketing & Builders,House,PKR1.58 Crore,"Park View City, Lahore, Punjab",5 Marla,For Sale
Dera Property,House,PKR11.8 Crore,"DHA Defence, Lahore, Punjab",1 Kanal,For Sale
Yaseen Associates & Builders,House,PKR3.3 Crore,"Formanites Housing Scheme, Lahore, Punjab",1 Kanal,For Sale
Yaseen Associates & Builders,House,PKR3.1 Crore,"Formanites Housing Scheme, Lahore, Punjab",1 Kanal,For Sale
Al Raffay Estate,House,PKR7.75 Crore,"Valencia Housing Society, Lahore, Punjab",1 Kanal,For Sale
Raja Associates Developers And Builders,House,PKR1.4 Crore,"Sheraz Town, Lahore, Punjab",5 Marla,For Sale
Khan Estate & Builders (EME),House,PKR3.15 Crore,"Punjab University Employees Society, Lahore, Punjab",10 Marla,For Sale
Heaven Estate,House,PKR11 Crore,"DHA Defence, Lahore, Punjab",1 Kanal,For Sale
Khalifa Real Estate,House,PKR7.86 Crore,"DHA Defence, Lahore, Punjab",1 Kanal,For Sale
Syed Real Estate & Builders,House,PKR13 Crore,"DHA Defence, Lahore, Punjab",2 Kanal,For Sale
Panjtan Estate,House,PKR13.75 Crore,"DHA Defence, Lahore, Punjab",1 Kanal,For Sale
Panjtan Estate,House,PKR4.4 Crore,"DHA Defence, Lahore, Punjab",10 Marla,For Sale
Panjtan Estate,House,PKR9.75 Crore,"DHA Defence, Lahore, Punjab",1 Kanal,For Sale
Panjtan Estate,House,PKR5.35 Crore,"DHA Defence, Lahore, Punjab",1 Kanal,For Sale
Panjtan Estate,House,PKR7.5 Crore,"DHA Defence, Lahore, Punjab",1 Kanal,For Sale
Syed Brothers (PVT) LTD (Airport Road),House,PKR7.5 Crore,"DHA Defence, Lahore, Punjab",1 Kanal,For Sale
SM Builders & Real Estate Consultants,House,PKR2.1 Crore,"DHA Defence, Lahore, Punjab",5 Marla,For Sale
Lexis Estate,House,PKR1.95 Crore,"DHA Defence, Lahore, Punjab",5 Marla,For Sale
Mashriq 99,Flat,PKR55 Lakh,"Peco Road, Lahore, Punjab",1.5 Marla,For Sale
Awan Real Estate & Builders,House,PKR2.35 Crore,"Canal Garden, Lahore, Punjab",6 Marla,For Sale
Awan Real Estate & Builders,House,PKR1.8 Crore,"Canal Garden, Lahore, Punjab",5 Marla,For Sale
Awan Real Estate & Builders,House,PKR1.65 Crore,"Canal Garden, Lahore, Punjab",5 Marla,For Sale
Awan Real Estate & Builders,House,PKR1.9 Crore,"Canal Garden, Lahore, Punjab",5 Marla,For Sale
Leads Estates,House,PKR5.85 Crore,"DHA Defence, Lahore, Punjab",1 Kanal,For Sale
Al Hadi Estate & Builders,House,PKR1.5 Crore,"Johar Town, Lahore, Punjab",4 Marla,For Sale
SJ Group,Farm House,PKR97 Lakh,"Bedian Road, Lahore, Punjab",2 Kanal,For Sale
Al Hadi Estate & Builders,House,PKR2.15 Crore,"Johar Town, Lahore, Punjab",5 Marla,For Sale
Paramount Property Solutions,House,PKR4 Crore,"Askari, Lahore, Punjab",10 Marla,For Sale
Rajput Real Estate,House,PKR85 Lakh,"Raiwind Road, Lahore, Punjab",3 Marla,For Sale
Dayim Marketing,Flat,PKR78 Lakh,"Bahria Town, Lahore, Punjab",2.3 Marla,For Sale
AL-AREESH Real Estate & Builders,House,PKR1.9 Crore,"Bahria Town, Lahore, Punjab",5.5 Marla,For Sale
Syed Real Estate & Builders,House,PKR7.75 Crore,"DHA Defence, Lahore, Punjab",1 Kanal,For Sale
Syed Real Estate & Builders,House,PKR65 Crore,"DHA Defence, Lahore, Punjab",5 Kanal,For Sale
High Vision Real Estate,Flat,PKR1.05 Crore,"Bahria Town, Lahore, Punjab",3.9 Marla,For Sale
High Vision Real Estate,Flat,PKR1.05 Crore,"Bahria Town, Lahore, Punjab",3.9 Marla,For Sale
Syed Brothers PVT LTD (Ph: 2 DHA),House,PKR10.9 Crore,"DHA Defence, Lahore, Punjab",1 Kanal,For Sale
Syed Brothers PVT LTD (Ph: 2 DHA),House,PKR10.9 Crore,"DHA Defence, Lahore, Punjab",1 Kanal,For Sale
Syed Brothers PVT LTD (Ph: 2 DHA),House,PKR9.5 Crore,"DHA Defence, Lahore, Punjab",1 Kanal,For Sale
Syed Brothers PVT LTD (Ph: 2 DHA),House,PKR8.9 Crore,"DHA Defence, Lahore, Punjab",1.6 Kanal,For Sale
Syed Brothers PVT LTD (Ph: 2 DHA),House,PKR10.5 Crore,"DHA Defence, Lahore, Punjab",2 Kanal,For Sale
Syed Brothers PVT LTD (Ph: 2 DHA),House,PKR8.6 Crore,"DHA Defence, Lahore, Punjab",1 Kanal,For Sale
Syed Brothers PVT LTD (Ph: 2 DHA),House,PKR8.25 Crore,"DHA Defence, Lahore, Punjab",1 Kanal,For Sale
Syed Brothers PVT LTD (Ph: 2 DHA),House,PKR9.2 Crore,"DHA Defence, Lahore, Punjab",1 Kanal,For Sale
