Chohan Estate,Upper Portion,PKR70 Thousand,"DHA Defence, Lahore, Punjab",1 Kanal,For Rent
Khalifa Real Estate,House,PKR58 Thousand,"DHA Defence, Lahore, Punjab",5 Marla,For Rent
Khalifa Real Estate,House,PKR80 Thousand,"DHA Defence, Lahore, Punjab",5 Marla,For Rent
Khalifa Real Estate,House,PKR57 Thousand,"DHA Defence, Lahore, Punjab",5 Marla,For Rent
Harum Real Estate & Builders,House,PKR2.56 Lakh,"DHA Defence, Lahore, Punjab",1 Kanal,For Rent
Best Home Real Estate,House,PKR2.3 Lakh,"DHA Defence, Lahore, Punjab",1 Kanal,For Rent
Bravo Estate,House,PKR65 Thousand,"Divine Gardens, Lahore, Punjab",5 Marla,For Rent
Dera Property,Flat,PKR1.05 Lakh,"Askari, Lahore, Punjab",10 Marla,For Rent
Harum Real Estate & Builders,House,PKR2.4 Lakh,"DHA Defence, Lahore, Punjab",1 Kanal,For Rent
MBH Marketing,House,PKR56 Thousand,"DHA Defence, Lahore, Punjab",5 Marla,For Rent
Tameer Real Estate Consultant And Builders,House,PKR1.85 Lakh,"DHA Defence, Lahore, Punjab",1 Kanal,For Rent
New Hira Estate & Builders,House,PKR65 Thousand,"DHA Defence, Lahore, Punjab",5 Marla,For Rent
Secure Future Estate & Builders,House,PKR2.35 Lakh,"DHA Defence, Lahore, Punjab",1 Kanal,For Rent
Unity Estates,House,PKR80 Thousand,"DHA Defence, Lahore, Punjab",5 Marla,For Rent
Property Dera,House,PKR58 Thousand,"Paragon City, Lahore, Punjab",5 Marla,For Rent
Tameer Real Estate Consultant And Builders,House,PKR3.4 Lakh,"DHA Defence, Lahore, Punjab",1 Kanal,For Rent
Faseeh Estate,House,PKR3.5 Lakh,"DHA Defence, Lahore, Punjab",1 Kanal,For Rent
Askari Property,House,PKR10 Lakh,"Cantt, Lahore, Punjab",2 Kanal,For Rent
Chohan Estate,House,PKR2 Lakh,"DHA Defence, Lahore, Punjab",10 Marla,For Rent
Tameer Real Estate Consultant And Builders,House,PKR1.8 Lakh,"DHA Defence, Lahore, Punjab",1 Kanal,For Rent
Al Saeed Associates,House,PKR87 Thousand,"Askari, Lahore, Punjab",10 Marla,For Rent
Devine Consultants,House,PKR1.39 Lakh,"DHA Defence, Lahore, Punjab",10 Marla,For Rent
Secure Future Estate & Builders,House,PKR2.85 Lakh,"DHA Defence, Lahore, Punjab",1 Kanal,For Rent
Faseeh Estate,House,PKR3.5 Lakh,"DHA Defence, Lahore, Punjab",1 Kanal,For Rent
Chohan Estate,Flat,PKR1.25 Lakh,"DHA Defence, Lahore, Punjab",5 Marla,For Rent
Tameer Real Estate Consultant And Builders,House,PKR2.4 Lakh,"DHA Defence, Lahore, Punjab",1 Kanal,For Rent
Devine Consultants,Flat,PKR2.35 Lakh,"Gulberg, Lahore, Punjab",7 Marla,For Rent
Tameer Real Estate Consultant And Builders,House,PKR2.8 Lakh,"DHA Defence, Lahore, Punjab",1 Kanal,For Rent
Property Dera,Flat,PKR85 Thousand,"Askari, Lahore, Punjab",10 Marla,For Rent
Al Saeed Associates,House,PKR90 Thousand,"Askari, Lahore, Punjab",10 Marla,For Rent
Usman Associates,Flat,PKR75 Thousand,"Askari, Lahore, Punjab",10 Marla,For Rent
Property  Investment Point,Upper Portion,PKR32 Thousand,"Bahria Town, Lahore, Punjab",5 Marla,For Rent
Al Saeed Associates,Flat,PKR75 Thousand,"Askari, Lahore, Punjab",10 Marla,For Rent
UPN (Universal Property Network),House,PKR85 Thousand,"Paragon City, Lahore, Punjab",10 Marla,For Rent
MBH Marketing,House,PKR2.6 Lakh,"DHA Defence, Lahore, Punjab",1 Kanal,For Rent
Property  Investment Point,Lower Portion,PKR32 Thousand,"Bahria Town, Lahore, Punjab",5 Marla,For Rent
Devine Consultants,Flat,PKR2.25 Lakh,"Gulberg, Lahore, Punjab",8 Marla,For Rent
UPN (Universal Property Network),House,PKR90 Thousand,"Paragon City, Lahore, Punjab",10 Marla,For Rent
Altaf Bhai Estate,Upper Portion,PKR75 Thousand,"DHA Defence, Lahore, Punjab",1 Kanal,For Rent
Property  Investment Point,House,PKR50 Thousand,"Bahria Town, Lahore, Punjab",6 Marla,For Rent
Devine Consultants,Flat,PKR1.6 Lakh,"Gulberg, Lahore, Punjab",8 Marla,For Rent
UPN (Universal Property Network),Upper Portion,PKR40 Thousand,"Paragon City, Lahore, Punjab",11 Marla,For Rent
ECO PROPERTIES,House,PKR1.1 Lakh,"Divine Gardens, Lahore, Punjab",10 Marla,For Rent
Property  Investment Point,House,PKR1.05 Lakh,"Bahria Town, Lahore, Punjab",10 Marla,For Rent
Freedom Estate & Builders,Upper Portion,PKR60 Thousand,"DHA Defence, Lahore, Punjab",1 Kanal,For Rent
Wealth Managers,House,PKR70 Thousand,"DHA Defence, Lahore, Punjab",5 Marla,For Rent
Sahi Real Estate & Developer,House,PKR4.5 Lakh,"Garden Town, Lahore, Punjab",2 Kanal,For Rent
MAYMAR REAL ESTATE,Flat,PKR85 Thousand,"Askari, Lahore, Punjab",10 Marla,For Rent
Estate Nexus Real Estate Consultant & Builders,Lower Portion,PKR90 Thousand,"DHA Defence, Lahore, Punjab",1 Kanal,For Rent
Al Muqeet Estate & Builders,House,PKR3.35 Lakh,"DHA Defence, Lahore, Punjab",1 Kanal,For Rent
Unity Estates,Upper Portion,PKR1.6 Lakh,"DHA Defence, Lahore, Punjab",2 Kanal,For Rent
Mian Usman Associates,House,PKR70 Thousand,"State Life Housing Society, Lahore, Punjab",5 Marla,For Rent
Richmoor Real Estate,House,PKR55 Thousand,"Punjab Coop Housing Society, Lahore, Punjab",5 Marla,For Rent
Estate Nexus Real Estate Consultant & Builders,Upper Portion,PKR95 Thousand,"DHA Defence, Lahore, Punjab",1 Kanal,For Rent
Harum Real Estate & Builders,House,PKR1.06 Lakh,"DHA Defence, Lahore, Punjab",10 Marla,For Rent
Madina Estate Advisor & Builders,House,PKR78 Thousand,"Military Accounts Housing Society, Lahore, Punjab",8 Marla,For Rent
Military Estate,House,PKR85 Thousand,"DHA Defence, Lahore, Punjab",5 Marla,For Rent
Unity Estates,House,PKR1.85 Lakh,"DHA Defence, Lahore, Punjab",1 Kanal,For Rent
Ibrahim Properties,House,PKR2.6 Lakh,"DHA Defence, Lahore, Punjab",1 Kanal,For Rent
Chohan Estate,Upper Portion,PKR90 Thousand,"DHA Defence, Lahore, Punjab",1 Kanal,For Rent
Military Estate,Lower Portion,PKR1.5 Lakh,"DHA Defence, Lahore, Punjab",1 Kanal,For Rent
MBH Marketing,House,PKR58 Thousand,"DHA Defence, Lahore, Punjab",5 Marla,For Rent
Janjua Estate,House,PKR3.5 Lakh,"DHA Defence, Lahore, Punjab",1 Kanal,For Rent
Abid Associates,House,PKR2 Lakh,"DHA Defence, Lahore, Punjab",1 Kanal,For Rent
Bin Saleh Real Estate & Construction Services,House,PKR40 Thousand,"Raiwind Road, Lahore, Punjab",3 Marla,For Rent
Chohan Estate,Upper Portion,PKR90 Thousand,"DHA Defence, Lahore, Punjab",1 Kanal,For Rent
Janjua Estate,House,PKR3.1 Lakh,"DHA Defence, Lahore, Punjab",1 Kanal,For Rent
Military Estate,House,PKR2.7 Lakh,"DHA Defence, Lahore, Punjab",1 Kanal,For Rent
New Hira Estate & Builders,House,PKR2.5 Lakh,"DHA Defence, Lahore, Punjab",1 Kanal,For Rent
Property  Investment Point,Upper Portion,PKR32 Thousand,"Bahria Town, Lahore, Punjab",5 Marla,For Rent
Dera Property,Flat,PKR77 Thousand,"Askari, Lahore, Punjab",10 Marla,For Rent
Abid Associates,House,PKR1.9 Lakh,"DHA Defence, Lahore, Punjab",1 Kanal,For Rent
Faseeh Estate,House,PKR1.5 Lakh,"Paragon City, Lahore, Punjab",1 Kanal,For Rent
Estate Zone,House,PKR70 Thousand,"DHA Defence, Lahore, Punjab",5 Marla,For Rent
Faseeh Estate,House,PKR3.5 Lakh,"DHA Defence, Lahore, Punjab",1 Kanal,For Rent
Chohan Estate,Upper Portion,PKR75 Thousand,"DHA Defence, Lahore, Punjab",1 Kanal,For Rent
Military Estate,House,PKR2.5 Lakh,"DHA Defence, Lahore, Punjab",1 Kanal,For Rent
Property  Investment Point,House,PKR85 Thousand,"Bahria Town, Lahore, Punjab",8 Marla,For Rent
Kirmani Marketing,Upper Portion,PKR60 Thousand,"Bahria Town, Lahore, Punjab",15 Marla,For Rent
Chohan Estate,Lower Portion,PKR1.4 Lakh,"DHA Defence, Lahore, Punjab",1 Kanal,For Rent
MAHAAR REAL ESTATE ADVISOR,House,PKR38 Thousand,"New Lahore City, Lahore, Punjab",5 Marla,For Rent
Faseeh Estate,House,PKR1.5 Lakh,"Paragon City, Lahore, Punjab",1 Kanal,For Rent
Abid Associates,House,PKR2.5 Lakh,"DHA Defence, Lahore, Punjab",1 Kanal,For Rent
Faseeh Estate,House,PKR2.8 Lakh,"DHA Defence, Lahore, Punjab",1 Kanal,For Rent
Hamza Estate & Builders,House,PKR2.5 Lakh,"DHA Defence, Lahore, Punjab",1 Kanal,For Rent
Military Estate,House,PKR5 Lakh,"DHA Defence, Lahore, Punjab",2 Kanal,For Rent
Chohan Estate,Upper Portion,PKR78 Thousand,"DHA Defence, Lahore, Punjab",1 Kanal,For Rent
MAHAAR REAL ESTATE ADVISOR,House,PKR45 Thousand,"Canal Garden, Lahore, Punjab",5 Marla,For Rent
MBH Marketing,House,PKR60 Thousand,"DHA Defence, Lahore, Punjab",5 Marla,For Rent
