Al-Sheikh Real Estate,House,PKR13.25 Crore,"Cantt, Sialkot, Punjab",12 Marla,For Sale
R. N Real Estate,House,PKR3.27 Crore,"Citi Housing Society, Sialkot, Punjab",10 Marla,For Sale
Bussiness Point Real Estate,House,PKR3 Crore,"Citi Housing Society, Sialkot, Punjab",10 Marla,For Sale
Bussiness Point Real Estate,House,PKR3.6 Crore,"Citi Housing Society, Sialkot, Punjab",10 Marla,For Sale
R. N Real Estate,House,PKR3.25 Crore,"Citi Housing Society, Sialkot, Punjab",10 Marla,For Sale
Ali Estate Property Advisor & Builders,House,PKR1.8 Crore,"Citi Housing Society, Sialkot, Punjab",5.5 Marla,For Sale
PROPERTY SOLUTIONS,House,PKR1.65 Crore,"Citi Housing Society, Sialkot, Punjab",5 Marla,For Sale
Royal Estate,House,PKR3.75 Crore,"Citi Housing Society, Sialkot, Punjab",10 Marla,For Sale
R. N Real Estate,House,PKR3.25 Crore,"Citi Housing Society, Sialkot, Punjab",10 Marla,For Sale
High Zone Real Estate,House,PKR65 Lakh,"Hajipura Road, Sialkot, Punjab",2 Marla,For Sale
Dream New World Developers,House,PKR2.65 Crore,"Citi Housing Society, Sialkot, Punjab",10 Marla,For Sale
Al-Sheikh Real Estate,House,PKR1.55 Crore,"Citi Housing Society, Sialkot, Punjab",5 Marla,For Sale
Al-Sheikh Real Estate,House,PKR3.25 Crore,"Citi Housing Society, Sialkot, Punjab",10 Marla,For Sale
Al-Sheikh Real Estate,House,PKR2.98 Crore,"Citi Housing Society, Sialkot, Punjab",10 Marla,For Sale
Al-Sheikh Real Estate,House,PKR2.95 Crore,"Citi Housing Society, Sialkot, Punjab",10 Marla,For Sale
R. N Real Estate,House,PKR3.25 Crore,"Citi Housing Society, Sialkot, Punjab",10 Marla,For Sale
Madni Real Estate & Builders,House,PKR1.4 Crore,"Chenab Rangers Road, Sialkot, Punjab",5 Marla,For Sale
PROPERTY SOLUTIONS,House,PKR75 Lakh,"Habib Pura Amina Abad Road, Sialkot, Punjab",5 Marla,For Sale
Ali Estate Property Advisor & Builders,House,PKR1.8 Crore,"Citi Housing Society, Sialkot, Punjab",5.5 Marla,For Sale
Ali Estate Property Advisor & Builders,House,PKR1.8 Crore,"Citi Housing Society, Sialkot, Punjab",5.5 Marla,For Sale
Ali Estate Property Advisor & Builders,House,PKR1.82 Crore,"Citi Housing Society, Sialkot, Punjab",5.5 Marla,For Sale
Ali Estate Property Advisor & Builders,House,PKR1.82 Crore,"Citi Housing Society, Sialkot, Punjab",5.5 Marla,For Sale
Ali Estate Property Advisor & Builders,House,PKR1.82 Crore,"Citi Housing Society, Sialkot, Punjab",5.5 Marla,For Sale
Qayyum Estate  Builders,House,PKR2.9 Crore,"Citi Housing Society, Sialkot, Punjab",10 Marla,For Sale
Madni Real Estate & Builders,House,PKR3.6 Crore,"Citi Housing Society, Sialkot, Punjab",10 Marla,For Sale
Moon Estate,House,PKR16 Crore,"Cantt Road, Sialkot, Punjab",9 Marla,For Sale
Moon Estate,House,PKR16 Crore,"Cantt Road, Sialkot, Punjab",9 Marla,For Sale
Madni Real Estate & Builders,House,PKR1.42 Crore,"Chenab Rangers Road, Sialkot, Punjab",5 Marla,For Sale
Moon Estate,House,PKR16 Crore,"Cantt, Sialkot, Punjab",9 Marla,For Sale
Moon Estate,House,PKR16 Crore,"Cantt, Sialkot, Punjab",9 Marla,For Sale
R. N Real Estate,House,PKR3.27 Crore,"Citi Housing Society, Sialkot, Punjab",10 Marla,For Sale
Royal Estate,House,PKR3.75 Crore,"Citi Housing Society, Sialkot, Punjab",10 Marla,For Sale
Khan Property Adviosr,House,PKR9.22 Crore,"Ghazi Officers Colony, Sialkot, Punjab",1.1 Kanal,For Sale
Khan Property Adviosr,House,PKR3.25 Crore,"Ghalib Road, Sialkot, Punjab",8 Marla,For Sale
Khan Property Adviosr,House,PKR3.1 Crore,"Chenab Rangers Road, Sialkot, Punjab",8 Marla,For Sale
Khan Property Adviosr,House,PKR3.22 Crore,"Ghalib Road, Sialkot, Punjab",8 Marla,For Sale
Khan Property Adviosr,House,PKR3.12 Crore,"Chenab Rangers Road, Sialkot, Punjab",8 Marla,For Sale
Khan Property Adviosr,House,PKR3.9 Crore,"Chenab Rangers Road, Sialkot, Punjab",10 Marla,For Sale
Khan Property Adviosr,House,PKR3.92 Crore,"Chenab Rangers Road, Sialkot, Punjab",10 Marla,For Sale
Khan Property Adviosr,House,PKR2.45 Crore,"Jammu Road, Sialkot, Punjab",6.5 Marla,For Sale
Khan Property Adviosr,House,PKR2.47 Crore,"Jammu Road, Sialkot, Punjab",6.5 Marla,For Sale
Royal Estate,House,PKR69 Lakh,"Citi Housing Society, Sialkot, Punjab",5 Marla,For Sale
High Zone Real Estate,House,PKR1.1 Crore,"Church Road, Sialkot, Punjab",5 Marla,For Sale
R. N Real Estate,House,PKR3.25 Crore,"Citi Housing Society, Sialkot, Punjab",10 Marla,For Sale
PROPERTY SOLUTIONS,House,PKR2.95 Crore,"Citi Housing Society, Sialkot, Punjab",10 Marla,For Sale
PROPERTY SOLUTIONS,House,PKR3.65 Crore,"Citi Housing Society, Sialkot, Punjab",10 Marla,For Sale
PROPERTY SOLUTIONS,House,PKR1.67 Crore,"Citi Housing Society, Sialkot, Punjab",5 Marla,For Sale
PROPERTY SOLUTIONS,House,PKR1.85 Crore,"Citi Housing Society, Sialkot, Punjab",5 Marla,For Sale
PROPERTY SOLUTIONS,House,PKR1.8 Crore,"Citi Housing Society, Sialkot, Punjab",5 Marla,For Sale
PROPERTY SOLUTIONS,House,PKR1.7 Crore,"Citi Housing Society, Sialkot, Punjab",5 Marla,For Sale
PROPERTY SOLUTIONS,House,PKR1.75 Crore,"Citi Housing Society, Sialkot, Punjab",5.8 Marla,For Sale
PROPERTY SOLUTIONS,House,PKR3.3 Crore,"Citi Housing Society, Sialkot, Punjab",10 Marla,For Sale
PROPERTY SOLUTIONS,House,PKR3.3 Crore,"Citi Housing Society, Sialkot, Punjab",10 Marla,For Sale
PROPERTY SOLUTIONS,House,PKR3.3 Crore,"Citi Housing Society, Sialkot, Punjab",10 Marla,For Sale
PROPERTY SOLUTIONS,House,PKR1.8 Crore,"Citi Housing Society, Sialkot, Punjab",6 Marla,For Sale
PROPERTY SOLUTIONS,House,PKR1.85 Crore,"Citi Housing Society, Sialkot, Punjab",6 Marla,For Sale
PROPERTY SOLUTIONS,House,PKR2.95 Crore,"Citi Housing Society, Sialkot, Punjab",10 Marla,For Sale
PROPERTY SOLUTIONS,House,PKR1.67 Crore,"Citi Housing Society, Sialkot, Punjab",5 Marla,For Sale
PROPERTY SOLUTIONS,House,PKR1.64 Crore,"Citi Housing Society, Sialkot, Punjab",5 Marla,For Sale
PROPERTY SOLUTIONS,House,PKR3.65 Crore,"Citi Housing Society, Sialkot, Punjab",10 Marla,For Sale
PROPERTY SOLUTIONS,House,PKR1.7 Crore,"Citi Housing Society, Sialkot, Punjab",5 Marla,For Sale
PROPERTY SOLUTIONS,House,PKR1.73 Crore,"Citi Housing Society, Sialkot, Punjab",5 Marla,For Sale
PROPERTY SOLUTIONS,House,PKR1.65 Crore,"Citi Housing Society, Sialkot, Punjab",5 Marla,For Sale
Qayyum Estate  Builders,House,PKR3.3 Crore,"Citi Housing Society, Sialkot, Punjab",10 Marla,For Sale
Qayyum Estate  Builders,House,PKR1.6 Crore,"Citi Housing Society, Sialkot, Punjab",5 Marla,For Sale
Dream Night,House,PKR2.5 Crore,"Defence Homes Society, Sialkot, Punjab",6.5 Marla,For Sale
Dream Night,House,PKR3.2 Crore,"Citi Housing Society, Sialkot, Punjab",10 Marla,For Sale
Dream Night,House,PKR4.6 Crore,"Cantt Model Villas, Sialkot, Punjab",12 Marla,For Sale
Dream Night,House,PKR2.5 Crore,"Jammu Road, Sialkot, Punjab",6.5 Marla,For Sale
Dream Night,House,PKR1.85 Crore,"Defence Homes Society, Sialkot, Punjab",6 Marla,For Sale
Dream Night,House,PKR1.9 Crore,"Defence Homes Society, Sialkot, Punjab",6 Marla,For Sale
Dream Night,House,PKR4 Crore,"Chenab Rangers Road, Sialkot, Punjab",10 Marla,For Sale
Dream Night,House,PKR3.6 Crore,"Chenab Rangers Road, Sialkot, Punjab",10 Marla,For Sale
Dream Night,House,PKR2.5 Crore,"Defence Homes Society, Sialkot, Punjab",6.5 Marla,For Sale
Dream Night,House,PKR36 Lakh,"Bharath, Sialkot, Punjab",3 Marla,For Sale
Bussiness Point Real Estate,House,PKR3.5 Crore,"Citi Housing Society, Sialkot, Punjab",10 Marla,For Sale
Dream Night,House,PKR36 Lakh,"Bharath, Sialkot, Punjab",3 Marla,For Sale
Property Locators,House,PKR2.5 Crore,"Chenab Rangers Road, Sialkot, Punjab",6 Marla,For Sale
R. N Real Estate,House,PKR3.27 Crore,"Citi Housing Society, Sialkot, Punjab",10 Marla,For Sale
Qayyum Estate  Builders,House,PKR3.5 Crore,"Citi Housing Society, Sialkot, Punjab",10 Marla,For Sale
Qayyum Estate  Builders,House,PKR4 Crore,"Citi Housing Society, Sialkot, Punjab",10 Marla,For Sale
Qayyum Estate  Builders,House,PKR2.9 Crore,"Citi Housing Society, Sialkot, Punjab",10 Marla,For Sale
Qayyum Estate  Builders,House,PKR2.9 Crore,"Citi Housing Society, Sialkot, Punjab",10 Marla,For Sale
Qayyum Estate  Builders,House,PKR3.86 Crore,"Citi Housing Society, Sialkot, Punjab",10 Marla,For Sale
Royal Estate,House,PKR1.05 Crore,"Citi Housing Society, Sialkot, Punjab",5 Marla,For Sale
Usman Estate,House,PKR1.65 Crore,"Citi Housing Society, Sialkot, Punjab",5 Marla,For Sale
Usman Estate,House,PKR1.65 Crore,"Citi Housing Society, Sialkot, Punjab",5 Marla,For Sale
Usman Estate,House,PKR1.55 Crore,"Citi Housing Society, Sialkot, Punjab",5 Marla,For Sale
Royal Estate,House,PKR3.5 Crore,"Citi Housing Society, Sialkot, Punjab",10 Marla,For Sale
Bussiness Point Real Estate,House,PKR3.5 Crore,"Citi Housing Society, Sialkot, Punjab",10 Marla,For Sale
Bussiness Point Real Estate,House,PKR2.9 Crore,"Citi Housing Society, Sialkot, Punjab",10 Marla,For Sale
Bussiness Point Real Estate,House,PKR2.9 Crore,"Citi Housing Society, Sialkot, Punjab",10 Marla,For Sale
Bussiness Point Real Estate,House,PKR2 Crore,"Citi Housing Society, Sialkot, Punjab",5 Marla,For Sale
Bussiness Point Real Estate,House,PKR1.8 Crore,"Citi Housing Society, Sialkot, Punjab",5 Marla,For Sale
Bussiness Point Real Estate,House,PKR3.5 Crore,"Citi Housing Society, Sialkot, Punjab",10 Marla,For Sale
Bussiness Point Real Estate,House,PKR1.64 Crore,"Citi Housing Society, Sialkot, Punjab",5 Marla,For Sale
Dream Night,House,PKR1.25 Crore,"Wazirabad Road, Sialkot, Punjab",6 Marla,For Sale
Dream Night,House,PKR1.25 Crore,"Wazirabad Road, Sialkot, Punjab",6 Marla,For Sale
Qayyum Estate  Builders,House,PKR3.5 Crore,"Citi Housing Society, Sialkot, Punjab",10 Marla,For Sale
Madni Real Estate & Builders,House,PKR3.75 Crore,"Citi Housing Society, Sialkot, Punjab",10 Marla,For Sale
Moon Estate,House,PKR16 Crore,"Cantt, Sialkot, Punjab",9 Marla,For Sale
Desire Real Estate & Builders,House,PKR2.12 Crore,"Citi Housing Society, Sialkot, Punjab",5 Marla,For Sale
Desire Real Estate & Builders,House,PKR2.1 Crore,"Citi Housing Society, Sialkot, Punjab",5 Marla,For Sale
Desire Real Estate & Builders,House,PKR3.53 Crore,"Citi Housing Society, Sialkot, Punjab",10 Marla,For Sale
Desire Real Estate & Builders,House,PKR3.76 Crore,"Citi Housing Society, Sialkot, Punjab",10 Marla,For Sale
Desire Real Estate & Builders,House,PKR3.75 Crore,"Citi Housing Society, Sialkot, Punjab",10 Marla,For Sale
Desire Real Estate & Builders,House,PKR3.76 Crore,"Citi Housing Society, Sialkot, Punjab",10 Marla,For Sale
Desire Real Estate & Builders,House,PKR1.51 Crore,"Citi Housing Society, Sialkot, Punjab",5 Marla,For Sale
Desire Real Estate & Builders,House,PKR3.51 Crore,"Citi Housing Society, Sialkot, Punjab",10 Marla,For Sale
Desire Real Estate & Builders,House,PKR3.5 Crore,"Citi Housing Society, Sialkot, Punjab",10 Marla,For Sale
Desire Real Estate & Builders,House,PKR1.5 Crore,"Citi Housing Society, Sialkot, Punjab",5 Marla,For Sale
Desire Real Estate & Builders,House,PKR1.5 Crore,"Citi Housing Society, Sialkot, Punjab",5 Marla,For Sale
Desire Real Estate & Builders,House,PKR3.51 Crore,"Citi Housing Society, Sialkot, Punjab",10 Marla,For Sale
Desire Real Estate & Builders,House,PKR3.51 Crore,"Citi Housing Society, Sialkot, Punjab",10 Marla,For Sale
Desire Real Estate & Builders,House,PKR3.5 Crore,"Citi Housing Society, Sialkot, Punjab",10 Marla,For Sale
Desire Real Estate & Builders,House,PKR3.5 Crore,"Citi Housing Society, Sialkot, Punjab",10 Marla,For Sale
Desire Real Estate & Builders,House,PKR2.09 Crore,"Citi Housing Society, Sialkot, Punjab",5 Marla,For Sale
Desire Real Estate & Builders,House,PKR2.09 Crore,"Citi Housing Society, Sialkot, Punjab",5 Marla,For Sale
Desire Real Estate & Builders,House,PKR2.09 Crore,"Citi Housing Society, Sialkot, Punjab",5 Marla,For Sale
Desire Real Estate & Builders,House,PKR2.13 Crore,"Citi Housing Society, Sialkot, Punjab",5 Marla,For Sale
Desire Real Estate & Builders,House,PKR2.11 Crore,"Citi Housing Society, Sialkot, Punjab",5 Marla,For Sale
Dream Night,House,PKR1.7 Crore,"Azeem Colony, Sialkot, Punjab",5 Marla,For Sale
Dream Night,House,PKR1.2 Crore,"Defence Homes Society, Sialkot, Punjab",5 Marla,For Sale
Royal Estate,House,PKR3.5 Crore,"Citi Housing Society, Sialkot, Punjab",10 Marla,For Sale
Shoaib Real Estate & Builders,House,PKR95 Lakh,"Ugoke Road, Sialkot, Punjab",6 Marla,For Sale
Khan Property Adviosr,House,PKR70 Lakh,"Zafarwal Road, Sialkot, Punjab",6 Marla,For Sale
PROPERTY SOLUTIONS,House,PKR3.05 Crore,"Citi Housing Society, Sialkot, Punjab",10 Marla,For Sale
Roshan Property Advisor,House,PKR2.5 Crore,"Chenab Rangers Road, Sialkot, Punjab",6 Marla,For Sale
Shoaib Real Estate & Builders,House,PKR1.6 Crore,"Citi Housing Society, Sialkot, Punjab",5 Marla,For Sale
Pak Property Portal,House,PKR3.4 Crore,"Citi Housing Society, Sialkot, Punjab",10 Marla,For Sale
Khan Property Adviosr,House,PKR1.08 Crore,"Jammu Road, Sialkot, Punjab",5 Marla,For Sale
PROPERTY SOLUTIONS,House,PKR3.05 Crore,"Citi Housing Society, Sialkot, Punjab",10 Marla,For Sale
PROPERTY SOLUTIONS,House,PKR3 Crore,"Citi Housing Society, Sialkot, Punjab",10 Marla,For Sale
Roshan Property Advisor,House,PKR40 Lakh,"Rangpura Road, Sialkot, Punjab",1.5 Marla,For Sale
Madni Real Estate & Builders,House,PKR1.45 Crore,"Chenab Rangers Road, Sialkot, Punjab",5 Marla,For Sale
Royal Land Real Estate & Builders,House,PKR45 Lakh,"Bhoth, Sialkot, Punjab",5 Marla,For Sale
Akhtar Chaudhery & Sons,House,PKR4.5 Crore,"Askari 2, Sialkot, Punjab",12 Marla,For Sale
