Believers Real Estate,House,PKR1.89 Crore,"DHA Defence, Lahore, Punjab",5 Marla,For Sale
Believers Real Estate,House,PKR5.89 Crore,"DHA Defence, Lahore, Punjab",1 Kanal,For Sale
Believers Real Estate,House,PKR5.99 Crore,"DHA Defence, Lahore, Punjab",1 Kanal,For Sale
MOJ ESTATES,House,PKR8.9 Crore,"DHA Defence, Lahore, Punjab",1 Kanal,For Sale
Altaf Bhai Estate,House,PKR5.75 Crore,"DHA Defence, Lahore, Punjab",1 Kanal,For Sale
Ayan Associates,House,PKR5.85 Crore,"Bahria Town, Lahore, Punjab",1 Kanal,For Sale
Z-EXPERT REAL ESTATE  MARKETING,House,PKR1.88 Crore,"Bahria Town, Lahore, Punjab",5 Marla,For Sale
Bhatti's Estate & Builders,House,PKR40 Crore,"Garden Town, Lahore, Punjab",6.9 Kanal,For Sale
Haram Estate & Builders,House,PKR6.05 Crore,"DHA Defence, Lahore, Punjab",1 Kanal,For Sale
Haram Estate & Builders,House,PKR6.46 Crore,"DHA Defence, Lahore, Punjab",1 Kanal,For Sale
Modern Edge Estate & Builders,House,PKR5.3 Crore,"DHA Defence, Lahore, Punjab",10 Marla,For Sale
Modern Edge Estate & Builders,House,PKR8.75 Crore,"DHA Defence, Lahore, Punjab",1 Kanal,For Sale
Ayan Associates,House,PKR2.85 Crore,"Bahria Town, Lahore, Punjab",10 Marla,For Sale
Ayan Associates,House,PKR4.5 Crore,"Bahria Town, Lahore, Punjab",10 Marla,For Sale
Z-EXPERT REAL ESTATE  MARKETING,House,PKR1.95 Crore,"Bahria Town, Lahore, Punjab",5 Marla,For Sale
Z-EXPERT REAL ESTATE  MARKETING,House,PKR3.5 Crore,"Bahria Town, Lahore, Punjab",10 Marla,For Sale
DownTown Holdings,House,PKR3.7 Crore,"Bahria Town, Lahore, Punjab",10 Marla,For Sale
Digixcommerce Consultant,House,PKR1.6 Crore,"Bahria Town, Lahore, Punjab",6 Marla,For Sale
Digixcommerce Consultant,Flat,PKR78 Lakh,"Bahria Town, Lahore, Punjab",2.4 Marla,For Sale
Digixcommerce Consultant,House,PKR1.95 Crore,"Bahria Town, Lahore, Punjab",5 Marla,For Sale
Digixcommerce Consultant,Flat,PKR48.11 Lakh,"Bahria Town, Lahore, Punjab",1.3 Marla,For Sale
Digixcommerce Consultant,Flat,PKR59 Lakh,"Bahria Town, Lahore, Punjab",2.2 Marla,For Sale
Al Saeed Associates,Flat,PKR3.08 Crore,"Askari, Lahore, Punjab",10 Marla,For Sale
Al Saeed Associates,Flat,PKR3.07 Crore,"Askari, Lahore, Punjab",10 Marla,For Sale
Al Saeed Associates,Flat,PKR3.06 Crore,"Askari, Lahore, Punjab",10 Marla,For Sale
